dateTime,Temperature,Humidity,Heater,Vent,Fan
2016-04-25 23:56:36,22.6,45.3,30,31,42
2016-04-25 23:57:06,22.7,47.3,40,31,42
2016-04-25 23:57:36,22.7,47.9,40,31,42
2016-04-25 23:58:08,22.7,45.7,40,31,42
2016-04-25 23:58:36,22.7,46.1,40,31,42
2016-04-25 23:59:06,22.7,47.5,40,31,42
2016-04-25 23:59:42,22.7,48.6,40,31,32
2016-04-26 00:00:06,22.7,48.7,40,31,42
2016-04-26 00:00:36,22.7,48.2,40,31,42
2016-04-26 00:01:06,22.7,46.0,40,31,42
2016-04-26 00:01:40,22.7,47.5,40,31,42
2016-04-26 00:02:06,22.7,47.5,40,31,42
2016-04-26 00:02:36,22.7,46.9,40,31,42
2016-04-26 00:03:06,22.8,48.8,40,31,32
2016-04-26 00:03:36,22.7,49.3,40,31,42
2016-04-26 00:04:06,22.8,49.5,40,31,42
2016-04-26 00:04:44,22.8,48.3,40,31,42
2016-04-26 00:05:06,22.8,47.5,40,31,42
2016-04-26 00:05:38,22.8,47.4,40,31,42
2016-04-26 00:06:06,22.7,47.5,40,31,42
2016-04-26 00:06:36,22.8,50.1,40,31,32
2016-04-26 00:07:06,22.8,47.4,40,31,42
2016-04-26 00:07:36,22.7,48.2,40,31,42
2016-04-26 00:08:06,22.7,46.7,40,31,42
2016-04-26 00:08:40,22.7,48.7,40,31,42
2016-04-26 00:09:06,22.7,48.7,40,31,42
2016-04-26 00:09:36,22.8,48.0,40,31,42
2016-04-26 00:10:08,22.8,48.8,40,31,32
2016-04-26 00:10:36,22.8,49.3,40,31,42
2016-04-26 00:11:06,22.8,49.1,40,31,42
2016-04-26 00:11:36,22.8,48.0,40,31,42
2016-04-26 00:12:06,22.8,48.3,40,31,42
2016-04-26 00:12:40,22.8,48.8,40,31,42
2016-04-26 00:13:06,22.8,46.7,40,31,42
2016-04-26 00:13:38,22.8,49.9,40,31,32
2016-04-26 00:14:06,22.8,48.7,40,31,42
2016-04-26 00:14:39,22.5,47.4,40,41,42
2016-04-26 00:15:09,22.1,44.3,40,31,42
2016-04-26 00:15:37,22.1,44.6,40,31,42
2016-04-26 00:16:07,22.1,44.5,40,31,42
2016-04-26 00:16:37,22.1,44.9,40,31,42
2016-04-26 00:17:09,22.2,46.8,40,31,32
2016-04-26 00:17:37,22.2,47.1,40,31,42
2016-04-26 00:18:07,22.3,46.8,40,31,42
2016-04-26 00:18:37,22.3,47.1,40,31,42
2016-04-26 00:19:07,22.4,47.2,40,31,42
2016-04-26 00:19:37,22.4,47.3,40,31,42
2016-04-26 00:20:07,22.4,46.9,40,31,42
2016-04-26 00:20:37,22.4,48.0,40,31,32
2016-04-26 00:21:07,22.5,47.2,40,31,42
2016-04-26 00:21:37,22.5,47.2,40,31,42
2016-04-26 00:22:07,22.5,46.7,40,31,42
2016-04-26 00:22:37,22.5,47.4,40,31,42
2016-04-26 00:23:07,22.6,47.2,40,31,42
2016-04-26 00:23:37,22.6,46.7,40,31,42
2016-04-26 00:24:07,22.6,49.2,40,31,32
2016-04-26 00:24:37,22.6,47.5,40,31,42
2016-04-26 00:25:09,22.7,46.4,40,31,42
2016-04-26 00:25:37,22.7,46.3,40,31,42
2016-04-26 00:26:07,22.7,46.8,40,31,42
2016-04-26 00:26:37,22.7,47.0,40,31,42
2016-04-26 00:27:07,22.7,47.2,40,31,42
2016-04-26 00:27:37,22.7,49.8,40,31,32
2016-04-26 00:28:07,22.8,49.2,40,31,42
2016-04-26 00:28:37,22.7,47.3,40,31,42
2016-04-26 00:29:09,22.8,47.6,40,31,42
2016-04-26 00:29:37,22.7,47.2,40,31,42
2016-04-26 00:30:07,22.8,46.5,40,31,42
2016-04-26 00:30:37,22.8,46.7,40,31,42
2016-04-26 00:31:07,22.8,49.8,40,31,32
2016-04-26 00:31:37,22.8,48.5,40,31,42
2016-04-26 00:32:07,22.8,47.8,40,31,42
2016-04-26 00:32:37,22.8,46.9,40,31,42
2016-04-26 00:33:09,22.5,46.1,40,41,42
2016-04-26 00:33:37,22.1,43.2,40,31,42
2016-04-26 00:34:07,22.1,43.9,40,31,42
2016-04-26 00:34:37,22.1,46.5,40,31,32
2016-04-26 00:35:07,22.1,45.7,40,31,42
2016-04-26 00:35:37,22.1,45.3,40,31,42
2016-04-26 00:36:07,22.2,45.7,40,31,42
2016-04-26 00:36:37,22.2,45.6,40,31,42
2016-04-26 00:37:07,22.3,45.3,40,31,42
2016-04-26 00:37:45,22.4,45.8,40,31,42
2016-04-26 00:38:07,22.4,47.2,40,31,32
2016-04-26 00:38:37,22.4,46.3,40,31,42
2016-04-26 00:39:07,22.5,47.2,40,31,42
2016-04-26 00:39:41,22.5,46.7,40,31,42
2016-04-26 00:40:07,22.5,46.3,40,31,42
2016-04-26 00:40:37,22.5,46.2,40,31,42
2016-04-26 00:41:07,22.5,46.3,40,31,42
2016-04-26 00:41:37,22.6,47.2,40,31,32
2016-04-26 00:42:07,22.6,47.0,40,31,42
2016-04-26 00:42:37,22.7,47.3,40,31,42
2016-04-26 00:43:07,22.7,47.0,40,31,42
2016-04-26 00:43:37,22.7,46.9,40,31,42
2016-04-26 00:44:07,22.7,47.3,40,31,42
2016-04-26 00:44:37,22.7,47.5,40,31,42
2016-04-26 00:45:09,22.7,48.8,40,31,32
2016-04-26 00:45:37,22.7,47.7,40,31,42
2016-04-26 00:46:07,22.7,47.4,40,31,42
2016-04-26 00:46:38,22.7,47.0,40,31,42
2016-04-26 00:47:14,22.7,46.7,40,31,42
2016-04-26 00:47:38,22.7,46.5,40,31,42
2016-04-26 00:48:08,22.8,46.0,40,31,42
2016-04-26 00:48:38,22.8,49.4,40,31,32
2016-04-26 00:49:08,22.8,48.1,40,31,42
2016-04-26 00:49:38,22.8,47.5,40,31,42
2016-04-26 00:50:08,22.8,46.9,40,31,42
2016-04-26 00:50:38,22.8,46.9,40,31,42
2016-04-26 00:51:08,22.8,47.2,40,31,42
2016-04-26 00:51:38,22.5,46.1,40,41,42
2016-04-26 00:52:08,22.2,46.1,40,31,32
2016-04-26 00:52:38,22.2,44.8,40,31,42
2016-04-26 00:53:08,22.1,44.5,40,31,42
2016-04-26 00:53:38,22.2,44.1,40,31,42
2016-04-26 00:54:08,22.2,45.1,40,31,42
2016-04-26 00:54:38,22.2,44.5,40,31,42
2016-04-26 00:55:08,22.3,45.5,40,31,42
2016-04-26 00:55:38,22.4,47.8,40,31,32
2016-04-26 00:56:08,22.4,46.2,40,31,42
2016-04-26 00:56:38,22.4,46.5,40,31,42
2016-04-26 00:57:06,22.5,45.6,40,31,42
2016-04-26 00:57:36,22.5,45.7,40,31,42
2016-04-26 00:58:08,22.5,46.1,40,31,42
2016-04-26 00:58:36,22.5,46.1,40,31,42
2016-04-26 00:59:06,22.6,49.0,40,31,32
2016-04-26 00:59:36,22.6,46.7,40,31,42
2016-04-26 01:00:06,22.6,46.7,40,31,42
2016-04-26 01:00:42,22.6,46.1,40,31,42
2016-04-26 01:01:06,22.6,46.6,40,31,42
2016-04-26 01:01:38,22.7,46.9,40,31,42
2016-04-26 01:02:06,22.7,46.5,40,31,42
2016-04-26 01:02:36,22.7,49.0,40,31,32
2016-04-26 01:03:06,22.7,47.7,40,31,42
2016-04-26 01:03:36,22.7,47.0,40,31,42
2016-04-26 01:04:06,22.7,46.5,40,31,42
2016-04-26 01:04:36,22.7,46.9,40,31,42
2016-04-26 01:05:06,22.8,46.8,40,31,42
2016-04-26 01:05:36,22.7,46.2,40,31,42
2016-04-26 01:06:06,22.8,49.0,40,31,32
2016-04-26 01:06:36,22.8,47.9,40,31,42
2016-04-26 01:07:06,22.8,47.2,40,31,42
2016-04-26 01:07:36,22.8,46.2,40,31,42
2016-04-26 01:08:06,22.8,46.9,40,31,42
2016-04-26 01:08:36,22.8,46.4,40,31,42
2016-04-26 01:09:08,22.7,45.8,40,31,42
2016-04-26 01:09:36,22.6,49.0,40,31,32
2016-04-26 01:10:06,22.3,46.6,40,41,42
2016-04-26 01:10:36,21.9,43.7,40,31,42
2016-04-26 01:11:06,21.7,44.8,40,31,42
2016-04-26 01:11:36,21.7,45.4,40,31,42
2016-04-26 01:12:06,21.6,44.1,40,31,42
2016-04-26 01:12:36,21.6,44.8,40,31,42
2016-04-26 01:13:06,21.6,47.7,40,31,32
2016-04-26 01:13:36,21.5,45.5,40,31,42
2016-04-26 01:14:06,21.5,45.7,40,31,42
2016-04-26 01:14:36,21.5,46.1,40,31,42
2016-04-26 01:15:06,21.5,46.5,40,31,42
2016-04-26 01:15:36,21.4,46.2,40,31,42
2016-04-26 01:16:06,21.4,46.4,40,31,42
2016-04-26 01:16:36,21.4,49.3,40,31,32
2016-04-26 01:17:06,21.4,47.1,40,31,42
2016-04-26 01:17:36,21.3,46.6,40,31,42
2016-04-26 01:18:06,21.3,46.3,40,31,42
2016-04-26 01:18:36,21.3,46.8,40,31,42
2016-04-26 01:19:06,21.3,46.6,40,31,42
2016-04-26 01:19:37,21.2,46.7,40,31,42
2016-04-26 01:20:07,21.2,49.6,40,31,32
2016-04-26 01:20:37,21.2,47.9,40,31,42
2016-04-26 01:21:07,21.2,47.6,40,31,42
2016-04-26 01:21:37,21.1,47.4,40,31,42
2016-04-26 01:22:07,21.1,47.0,40,31,42
2016-04-26 01:22:37,21.1,47.7,40,31,42
2016-04-26 01:23:07,21.1,48.1,40,31,42
2016-04-26 01:23:37,21.0,49.4,40,31,32
2016-04-26 01:24:07,21.0,48.2,40,31,42
2016-04-26 01:24:37,21.0,47.5,40,31,42
2016-04-26 01:25:09,20.9,48.3,40,31,42
2016-04-26 01:25:37,20.9,47.6,40,31,42
2016-04-26 01:26:07,20.9,46.4,40,31,42
2016-04-26 01:26:37,20.9,47.2,40,31,42
2016-04-26 01:27:07,20.9,50.0,40,31,32
2016-04-26 01:27:37,20.8,48.6,40,31,42
2016-04-26 01:28:07,20.9,48.3,40,31,42
2016-04-26 01:28:37,20.6,47.9,40,41,42
2016-04-26 01:29:07,20.2,45.7,40,31,42
2016-04-26 01:29:37,20.2,45.8,40,31,42
2016-04-26 01:30:07,20.2,46.1,40,31,42
2016-04-26 01:30:37,20.2,49.3,40,31,32
2016-04-26 01:31:07,20.2,47.5,40,31,42
2016-04-26 01:31:37,20.2,46.9,40,31,42
2016-04-26 01:32:07,20.2,46.9,40,31,42
2016-04-26 01:32:37,20.2,46.3,40,31,42
2016-04-26 01:33:07,20.2,46.3,40,31,42
2016-04-26 01:33:37,20.2,47.3,40,31,42
2016-04-26 01:34:07,20.3,49.2,40,31,32
2016-04-26 01:34:37,20.3,48.1,40,31,42
2016-04-26 01:35:07,20.3,47.4,40,31,42
2016-04-26 01:35:37,20.3,48.1,40,31,42
2016-04-26 01:36:07,20.3,47.6,40,31,42
2016-04-26 01:36:37,20.2,47.5,40,31,42
2016-04-26 01:37:07,20.2,47.2,40,31,42
2016-04-26 01:37:37,20.3,49.5,40,31,32
2016-04-26 01:38:07,20.2,48.7,40,31,42
2016-04-26 01:38:37,20.2,48.0,40,31,42
2016-04-26 01:39:07,20.2,47.2,40,31,42
2016-04-26 01:39:37,20.2,47.7,40,31,42
2016-04-26 01:40:07,20.2,46.9,40,31,42
2016-04-26 01:40:37,20.2,46.7,40,31,42
2016-04-26 01:41:07,20.2,49.3,40,31,32
2016-04-26 01:41:37,20.2,48.3,40,31,42
2016-04-26 01:42:07,20.2,48.6,40,31,42
2016-04-26 01:42:37,20.2,47.3,40,31,42
2016-04-26 01:43:07,20.1,48.2,40,31,42
2016-04-26 01:43:37,20.1,47.8,40,31,42
2016-04-26 01:44:09,20.1,48.3,40,31,42
2016-04-26 01:44:37,20.1,50.1,40,31,32
2016-04-26 01:45:07,20.1,49.0,40,31,42
2016-04-26 01:45:37,20.1,47.9,40,31,42
2016-04-26 01:46:07,20.1,47.6,40,31,42
2016-04-26 01:46:37,20.0,47.2,40,31,42
2016-04-26 01:47:07,19.8,47.8,40,41,42
2016-04-26 01:47:39,19.5,46.6,40,31,42
2016-04-26 01:48:07,19.5,46.9,40,31,32
2016-04-26 01:48:39,19.5,46.1,40,31,42
2016-04-26 01:49:07,19.5,45.7,40,31,42
2016-04-26 01:49:37,19.5,46.4,40,31,42
2016-04-26 01:50:07,19.5,45.8,40,31,42
2016-04-26 01:50:37,19.5,46.9,40,31,42
2016-04-26 01:51:07,19.5,47.2,40,31,42
2016-04-26 01:51:39,19.6,49.6,40,31,32
2016-04-26 01:52:07,19.6,47.4,40,31,42
2016-04-26 01:52:38,19.6,47.4,40,31,42
2016-04-26 01:53:12,19.6,46.8,40,31,42
2016-04-26 01:53:44,19.6,46.7,40,31,42
2016-04-26 01:54:08,19.6,47.0,40,31,42
2016-04-26 01:54:40,19.6,47.7,40,31,42
2016-04-26 01:55:08,19.6,49.9,40,31,32
2016-04-26 01:55:40,19.6,47.9,40,31,42
2016-04-26 01:56:08,19.6,47.7,40,31,42
2016-04-26 01:56:40,19.6,47.2,40,31,42
2016-04-26 01:57:08,19.6,47.0,40,31,42
2016-04-26 01:57:38,19.6,47.4,40,31,42
2016-04-26 01:58:08,19.6,48.2,40,31,42
2016-04-26 01:58:38,19.6,49.9,40,31,32
2016-04-26 01:59:08,19.6,48.4,40,31,42
2016-04-26 01:59:38,19.6,48.4,40,31,42
2016-04-26 02:00:08,19.6,48.2,40,31,42
2016-04-26 02:00:40,19.6,48.1,40,31,42
2016-04-26 02:01:08,19.5,48.0,40,31,42
2016-04-26 02:01:42,19.5,48.9,40,31,42
2016-04-26 02:02:08,19.5,50.4,40,31,32
2016-04-26 02:02:38,19.5,49.0,40,31,42
2016-04-26 02:03:08,19.5,48.3,40,31,42
2016-04-26 02:03:38,19.5,48.1,40,31,42
2016-04-26 02:04:08,19.5,47.7,40,31,42
2016-04-26 02:04:38,19.5,48.1,40,31,42
2016-04-26 02:05:06,19.5,47.4,40,31,42
2016-04-26 02:05:36,19.3,49.1,40,41,32
2016-04-26 02:06:06,19.0,45.4,40,31,42
2016-04-26 02:06:36,19.0,45.4,40,31,42
2016-04-26 02:07:06,18.9,46.1,40,31,42
2016-04-26 02:07:36,19.0,46.1,40,31,42
2016-04-26 02:08:06,19.0,45.2,40,31,42
2016-04-26 02:08:36,19.0,46.2,40,31,42
2016-04-26 02:09:08,19.1,49.2,40,31,32
2016-04-26 02:09:36,19.0,48.0,40,31,42
2016-04-26 02:10:06,19.1,47.6,40,31,42
2016-04-26 02:10:36,19.1,47.2,40,31,42
2016-04-26 02:11:08,19.1,47.8,40,31,42
2016-04-26 02:11:36,19.1,48.2,40,31,42
2016-04-26 02:12:06,19.1,47.0,40,31,42
2016-04-26 02:12:36,19.1,48.7,40,31,32
2016-04-26 02:13:06,19.1,47.5,40,31,42
2016-04-26 02:13:36,19.1,48.5,40,31,42
2016-04-26 02:14:06,19.1,47.1,40,31,42
2016-04-26 02:14:36,19.1,47.4,40,31,42
2016-04-26 02:15:06,19.1,47.7,40,31,42
2016-04-26 02:15:36,19.1,47.9,40,31,42
2016-04-26 02:16:06,19.1,49.1,40,31,32
2016-04-26 02:16:36,19.1,48.1,40,31,42
2016-04-26 02:17:06,19.1,47.8,40,31,42
2016-04-26 02:17:36,19.1,48.2,40,31,42
2016-04-26 02:18:06,19.1,48.2,40,31,42
2016-04-26 02:18:36,19.1,48.2,40,31,42
2016-04-26 02:19:06,19.1,48.3,40,31,42
2016-04-26 02:19:38,19.1,50.6,40,31,32
2016-04-26 02:20:06,19.1,48.0,40,31,42
2016-04-26 02:20:36,19.1,46.6,40,31,42
2016-04-26 02:21:06,19.1,47.9,40,31,42
2016-04-26 02:21:36,19.1,47.9,40,31,42
2016-04-26 02:22:06,19.1,47.7,40,31,42
2016-04-26 02:22:36,19.0,47.8,40,31,42
2016-04-26 02:23:06,19.1,49.7,40,31,32
2016-04-26 02:23:38,19.0,48.6,40,31,42
2016-04-26 02:24:06,18.9,48.8,40,41,42
2016-04-26 02:24:38,18.6,46.4,40,31,42
2016-04-26 02:25:06,18.6,46.4,40,31,42
2016-04-26 02:25:36,18.6,46.5,40,31,42
2016-04-26 02:26:07,18.6,46.0,40,31,42
2016-04-26 02:26:37,18.6,48.4,40,31,32
2016-04-26 02:27:07,18.6,47.1,40,31,42
2016-04-26 02:27:37,18.7,47.6,40,31,42
2016-04-26 02:28:09,18.6,47.7,40,31,42
2016-04-26 02:28:37,18.7,47.7,40,31,42
2016-04-26 02:29:07,18.7,47.9,40,31,42
2016-04-26 02:29:37,18.7,47.8,40,31,42
2016-04-26 02:30:07,18.7,49.2,40,31,32
2016-04-26 02:30:37,18.7,48.5,40,31,42
2016-04-26 02:31:07,18.7,47.9,40,31,42
2016-04-26 02:31:37,18.7,47.8,40,31,42
2016-04-26 02:32:07,18.7,47.6,40,31,42
2016-04-26 02:32:37,18.7,47.8,40,31,42
2016-04-26 02:33:07,18.7,48.4,40,31,42
2016-04-26 02:33:37,18.8,50.5,40,31,32
2016-04-26 02:34:07,18.7,48.5,40,31,42
2016-04-26 02:34:37,18.7,48.5,40,31,42
2016-04-26 02:35:07,18.7,47.8,40,31,42
2016-04-26 02:35:37,18.7,48.3,40,31,42
2016-04-26 02:36:07,18.7,48.0,40,31,42
2016-04-26 02:36:37,18.7,48.1,40,31,42
2016-04-26 02:37:11,18.7,51.2,40,31,32
2016-04-26 02:37:37,18.7,49.2,40,31,42
2016-04-26 02:38:07,18.7,48.6,40,31,42
2016-04-26 02:38:37,18.7,48.4,40,31,42
2016-04-26 02:39:07,18.7,47.7,40,31,42
2016-04-26 02:39:37,18.7,47.7,40,31,42
2016-04-26 02:40:17,18.7,47.7,40,31,42
2016-04-26 02:40:37,18.7,48.1,40,31,32
2016-04-26 02:41:07,18.7,49.0,40,31,42
2016-04-26 02:41:37,18.7,49.1,40,31,42
2016-04-26 02:42:07,18.7,49.0,40,31,42
2016-04-26 02:42:37,18.5,48.7,40,41,42
2016-04-26 02:43:07,18.3,46.8,40,31,42
2016-04-26 02:43:37,18.2,47.3,40,31,42
2016-04-26 02:44:07,18.2,49.3,40,31,32
2016-04-26 02:44:37,18.2,48.6,40,31,42
2016-04-26 02:45:07,18.2,47.5,40,31,42
2016-04-26 02:45:37,18.3,47.8,40,31,42
2016-04-26 02:46:07,18.3,48.4,40,31,42
2016-04-26 02:46:49,18.3,48.1,40,31,42
2016-04-26 02:47:07,18.3,47.7,40,31,42
2016-04-26 02:47:39,18.4,49.8,40,31,32
2016-04-26 02:48:07,18.3,49.0,40,31,42
2016-04-26 02:48:39,18.4,48.4,40,31,42
2016-04-26 02:49:07,18.4,48.4,40,31,42
2016-04-26 02:49:37,18.4,47.6,40,31,42
2016-04-26 02:50:09,18.4,48.2,40,31,42
2016-04-26 02:50:37,18.4,48.2,40,31,42
2016-04-26 02:51:07,18.4,50.7,40,31,32
2016-04-26 02:51:37,18.4,49.3,40,31,42
2016-04-26 02:52:07,18.4,48.3,40,31,42
2016-04-26 02:52:37,18.4,47.1,40,31,42
2016-04-26 02:53:07,18.3,47.7,40,31,42
2016-04-26 02:53:39,18.3,47.3,40,31,42
2016-04-26 02:54:07,18.4,47.6,40,31,42
2016-04-26 02:54:38,18.4,48.9,40,31,32
2016-04-26 02:55:08,18.3,48.8,40,31,42
2016-04-26 02:55:38,18.3,46.6,40,31,42
2016-04-26 02:56:08,18.3,47.7,40,31,42
2016-04-26 02:56:38,18.4,48.8,40,31,42
2016-04-26 02:57:08,18.4,48.2,40,31,42
2016-04-26 02:57:38,18.4,47.9,40,31,42
2016-04-26 02:58:10,18.4,50.7,40,31,32
2016-04-26 02:58:38,18.4,49.2,40,31,42
2016-04-26 02:59:12,18.4,48.5,40,31,42
2016-04-26 02:59:38,18.4,48.2,40,31,42
2016-04-26 03:00:08,18.3,48.5,40,31,42
2016-04-26 03:00:38,18.4,48.4,40,31,42
2016-04-26 03:01:08,18.3,48.2,40,31,42
2016-04-26 03:01:38,18.2,49.6,40,41,32
2016-04-26 03:02:08,18.1,47.1,40,31,42
2016-04-26 03:02:38,18.0,45.8,40,31,42
2016-04-26 03:03:10,18.0,45.7,40,31,42
2016-04-26 03:03:38,18.0,46.3,40,31,42
2016-04-26 03:04:08,18.0,47.0,40,31,42
2016-04-26 03:04:38,18.0,47.0,40,31,42
2016-04-26 03:05:08,18.0,48.4,40,31,32
2016-04-26 03:05:38,18.1,47.7,40,31,42
2016-04-26 03:06:06,18.1,47.7,40,31,42
2016-04-26 03:06:36,18.1,47.8,40,31,42
2016-04-26 03:07:06,18.1,48.3,40,31,42
2016-04-26 03:07:36,18.1,47.6,40,31,42
2016-04-26 03:08:06,18.1,47.4,40,31,42
2016-04-26 03:08:36,18.1,49.2,40,31,32
2016-04-26 03:09:06,18.1,48.1,40,31,42
2016-04-26 03:09:36,18.1,48.2,40,31,42
2016-04-26 03:10:06,18.1,47.5,40,31,42
2016-04-26 03:10:36,18.1,47.7,40,31,42
2016-04-26 03:11:08,18.1,47.2,40,31,42
2016-04-26 03:11:36,18.2,47.4,40,31,42
2016-04-26 03:12:06,18.1,48.9,40,31,32
2016-04-26 03:12:36,18.1,48.2,40,31,42
2016-04-26 03:13:06,18.1,47.9,40,31,42
2016-04-26 03:13:36,18.1,48.0,40,31,42
2016-04-26 03:14:06,18.1,48.7,40,31,42
2016-04-26 03:14:36,18.1,48.0,40,31,42
2016-04-26 03:15:06,18.1,48.3,40,31,42
2016-04-26 03:15:36,18.2,50.9,40,31,32
2016-04-26 03:16:06,18.2,49.1,40,31,42
2016-04-26 03:16:36,18.2,48.5,40,31,42
2016-04-26 03:17:06,18.1,48.8,40,31,42
2016-04-26 03:17:36,18.1,48.5,40,31,42
2016-04-26 03:18:06,18.1,48.8,40,31,42
2016-04-26 03:18:36,18.1,48.1,40,31,42
2016-04-26 03:19:06,18.1,49.1,40,31,32
2016-04-26 03:19:36,18.1,48.7,40,31,42
2016-04-26 03:20:06,18.0,49.1,40,41,42
2016-04-26 03:20:36,17.7,47.2,40,31,42
2016-04-26 03:21:06,17.7,47.1,40,31,42
2016-04-26 03:21:36,17.7,47.0,40,31,42
2016-04-26 03:22:06,17.7,47.2,40,31,42
2016-04-26 03:22:38,17.7,48.2,40,31,32
2016-04-26 03:23:06,17.8,47.8,40,31,42
2016-04-26 03:23:36,17.8,47.9,40,31,42
2016-04-26 03:24:06,17.8,47.1,40,31,42
2016-04-26 03:24:36,17.8,48.0,40,31,42
2016-04-26 03:25:06,17.8,49.0,40,31,42
2016-04-26 03:25:36,17.8,48.4,40,31,42
2016-04-26 03:26:06,17.9,49.8,40,31,32
2016-04-26 03:26:36,17.9,48.1,40,31,42
2016-04-26 03:27:07,17.9,47.9,40,31,42
2016-04-26 03:27:37,17.9,48.4,40,31,42
2016-04-26 03:28:07,17.9,48.2,40,31,42
2016-04-26 03:28:37,17.9,48.4,40,31,42
2016-04-26 03:29:07,17.9,47.3,40,31,42
2016-04-26 03:29:37,17.9,50.0,40,31,32
2016-04-26 03:30:07,17.9,49.2,40,31,42
2016-04-26 03:30:37,17.9,49.5,40,31,42
2016-04-26 03:31:07,17.9,49.3,40,31,42
2016-04-26 03:31:37,17.9,48.7,40,31,42
2016-04-26 03:32:13,17.9,48.2,40,31,42
2016-04-26 03:32:37,17.9,48.0,40,31,42
2016-04-26 03:33:07,17.9,50.9,40,31,32
2016-04-26 03:33:37,17.9,49.8,40,31,42
2016-04-26 03:34:07,17.9,49.2,40,31,42
2016-04-26 03:34:37,17.9,48.7,40,31,42
2016-04-26 03:35:07,17.9,49.2,40,31,42
2016-04-26 03:35:37,17.9,49.0,40,31,42
2016-04-26 03:36:07,17.9,48.2,40,31,42
2016-04-26 03:36:37,17.9,50.1,40,31,32
2016-04-26 03:37:07,17.9,48.8,40,31,42
2016-04-26 03:37:37,17.9,49.2,40,31,42
2016-04-26 03:38:09,17.9,49.0,40,31,42
2016-04-26 03:38:37,17.8,49.2,40,41,42
2016-04-26 03:39:07,17.5,47.1,40,31,42
2016-04-26 03:39:37,17.5,47.2,40,31,42
2016-04-26 03:40:07,17.5,48.2,40,31,32
2016-04-26 03:40:37,17.5,48.4,40,31,42
2016-04-26 03:41:07,17.5,47.8,40,31,42
2016-04-26 03:41:37,17.6,47.1,40,31,42
2016-04-26 03:42:07,17.6,47.0,40,31,42
2016-04-26 03:42:37,17.6,47.5,40,31,42
2016-04-26 03:43:07,17.6,47.6,40,31,42
2016-04-26 03:43:37,17.6,49.3,40,31,32
2016-04-26 03:44:09,17.6,48.4,40,31,42
2016-04-26 03:44:37,17.7,49.2,40,31,42
2016-04-26 03:45:07,17.7,49.3,40,31,42
2016-04-26 03:45:37,17.7,48.2,40,31,42
2016-04-26 03:46:09,17.7,48.1,40,31,42
2016-04-26 03:46:37,17.7,47.8,40,31,42
2016-04-26 03:47:07,17.7,50.8,40,31,32
2016-04-26 03:47:37,17.7,49.8,40,31,42
2016-04-26 03:48:07,17.7,49.8,40,31,42
2016-04-26 03:48:37,17.7,48.8,40,31,42
2016-04-26 03:49:07,17.7,48.7,40,31,42
2016-04-26 03:49:39,17.7,48.4,40,31,42
2016-04-26 03:50:07,17.7,48.7,40,31,42
2016-04-26 03:50:37,17.7,49.5,40,31,32
2016-04-26 03:51:07,17.7,49.2,40,31,42
2016-04-26 03:51:37,17.7,48.2,40,31,42
2016-04-26 03:52:07,17.7,48.0,40,31,42
2016-04-26 03:52:37,17.7,48.5,40,31,42
2016-04-26 03:53:07,17.7,48.1,40,31,42
2016-04-26 03:53:37,17.7,48.4,40,31,42
2016-04-26 03:54:09,17.7,50.1,40,31,32
2016-04-26 03:54:37,17.7,48.1,40,31,42
2016-04-26 03:55:07,17.7,49.2,40,31,42
2016-04-26 03:55:39,17.7,49.7,40,31,42
2016-04-26 03:56:07,17.7,49.3,40,31,42
2016-04-26 03:56:37,17.7,49.8,40,31,42
2016-04-26 03:57:07,17.5,49.7,40,41,42
2016-04-26 03:57:37,17.4,48.8,40,31,32
2016-04-26 03:58:07,17.3,47.6,40,31,42
2016-04-26 03:58:37,17.3,47.7,40,31,42
2016-04-26 03:59:09,17.3,48.6,40,31,42
2016-04-26 03:59:37,17.3,47.6,40,31,42
2016-04-26 04:00:07,17.3,47.7,40,31,42
2016-04-26 04:00:37,17.4,48.3,40,31,42
2016-04-26 04:01:08,17.4,49.7,40,31,32
2016-04-26 04:01:38,17.4,48.5,40,31,42
2016-04-26 04:02:08,17.4,48.2,40,31,42
2016-04-26 04:02:38,17.4,47.9,40,31,42
2016-04-26 04:03:10,17.5,48.4,40,31,42
2016-04-26 04:03:38,17.5,48.2,40,31,42
2016-04-26 04:04:08,17.5,48.5,40,31,42
2016-04-26 04:04:38,17.5,49.4,40,31,32
2016-04-26 04:05:08,17.5,48.8,40,31,42
2016-04-26 04:05:38,17.5,48.6,40,31,42
2016-04-26 04:06:08,17.5,48.1,40,31,42
2016-04-26 04:06:42,17.5,47.4,40,31,42
2016-04-26 04:07:08,17.5,48.0,40,31,42
2016-04-26 04:07:38,17.5,48.4,40,31,42
2016-04-26 04:08:08,17.5,49.1,40,31,32
2016-04-26 04:08:38,17.5,49.4,40,31,42
2016-04-26 04:09:10,17.5,48.5,40,31,42
2016-04-26 04:09:38,17.5,48.8,40,31,42
2016-04-26 04:10:08,17.5,48.8,40,31,42
2016-04-26 04:10:38,17.5,48.7,40,31,42
2016-04-26 04:11:08,17.5,48.6,40,31,42
2016-04-26 04:11:36,17.5,50.2,40,31,32
2016-04-26 04:12:06,17.5,49.1,40,31,42
2016-04-26 04:12:40,17.5,48.2,40,31,42
2016-04-26 04:13:06,17.5,48.7,40,31,42
2016-04-26 04:13:36,17.5,48.5,40,31,42
2016-04-26 04:14:06,17.5,48.1,40,31,42
2016-04-26 04:14:36,17.5,48.6,40,31,42
2016-04-26 04:15:06,17.5,51.0,40,31,32
2016-04-26 04:15:36,17.4,50.2,40,41,42
2016-04-26 04:16:06,17.2,47.2,40,31,42
2016-04-26 04:16:36,17.1,47.5,40,31,42
2016-04-26 04:17:06,17.1,46.9,40,31,42
2016-04-26 04:17:36,17.1,46.6,40,31,42
2016-04-26 04:18:06,17.2,47.7,40,31,42
2016-04-26 04:18:38,17.2,49.2,40,31,32
2016-04-26 04:19:08,17.2,47.5,40,31,42
2016-04-26 04:19:36,17.2,48.0,40,31,42
2016-04-26 04:20:06,17.2,48.0,40,31,42
2016-04-26 04:20:36,17.3,47.9,40,31,42
2016-04-26 04:21:06,17.3,47.5,40,31,42
2016-04-26 04:21:36,17.3,47.5,40,31,42
2016-04-26 04:22:06,17.3,49.3,40,31,32
2016-04-26 04:22:36,17.3,48.8,40,31,42
2016-04-26 04:23:06,17.3,47.3,40,31,42
2016-04-26 04:23:36,17.3,48.7,40,31,42
2016-04-26 04:24:06,17.4,47.9,40,31,42
2016-04-26 04:24:36,17.4,48.1,40,31,42
2016-04-26 04:25:06,17.3,48.2,40,31,42
2016-04-26 04:25:36,17.4,49.9,40,31,32
2016-04-26 04:26:06,17.4,49.3,40,31,42
2016-04-26 04:26:36,17.3,49.1,40,31,42
2016-04-26 04:27:06,17.3,48.7,40,31,42
2016-04-26 04:27:36,17.3,48.4,40,31,42
2016-04-26 04:28:06,17.4,48.5,40,31,42
2016-04-26 04:28:36,17.3,48.6,40,31,42
2016-04-26 04:29:06,17.4,50.9,40,31,32
2016-04-26 04:29:36,17.4,50.1,40,31,42
2016-04-26 04:30:06,17.3,48.6,40,31,42
2016-04-26 04:30:36,17.4,49.2,40,31,42
2016-04-26 04:31:06,17.3,48.8,40,31,42
2016-04-26 04:31:36,17.4,48.6,40,31,42
2016-04-26 04:32:06,17.4,49.0,40,31,42
2016-04-26 04:32:36,17.4,50.8,40,31,32
2016-04-26 04:33:07,17.4,49.1,40,31,42
2016-04-26 04:33:37,17.3,49.5,40,31,42
2016-04-26 04:34:07,17.2,49.2,40,41,42
2016-04-26 04:34:37,17.0,47.1,40,31,42
2016-04-26 04:35:07,17.0,47.4,40,31,42
2016-04-26 04:35:37,17.0,47.1,40,31,42
2016-04-26 04:36:07,17.0,49.3,40,31,32
2016-04-26 04:36:37,17.0,48.1,40,31,42
2016-04-26 04:37:07,17.0,48.1,40,31,42
2016-04-26 04:37:37,17.1,48.3,40,31,42
2016-04-26 04:38:07,17.0,48.1,40,31,42
2016-04-26 04:38:37,17.1,48.4,40,31,42
2016-04-26 04:39:07,17.1,47.9,40,31,42
2016-04-26 04:39:37,17.1,50.5,40,31,32
2016-04-26 04:40:07,17.1,49.3,40,31,42
2016-04-26 04:40:37,17.1,48.8,40,31,42
2016-04-26 04:41:07,17.2,48.8,40,31,42
2016-04-26 04:41:41,17.2,48.8,40,31,42
2016-04-26 04:42:07,17.2,48.2,40,31,42
2016-04-26 04:42:37,17.2,48.7,40,31,42
2016-04-26 04:43:07,17.2,50.7,40,31,32
2016-04-26 04:43:37,17.2,49.1,40,31,42
2016-04-26 04:44:07,17.2,49.4,40,31,42
2016-04-26 04:44:37,17.2,49.2,40,31,42
2016-04-26 04:45:07,17.2,49.0,40,31,42
2016-04-26 04:45:39,17.2,48.5,40,31,42
2016-04-26 04:46:07,17.2,48.5,40,31,42
2016-04-26 04:46:37,17.2,50.2,40,31,32
2016-04-26 04:47:07,17.2,49.8,40,31,42
2016-04-26 04:47:37,17.2,49.2,40,31,42
2016-04-26 04:48:07,17.2,49.5,40,31,42
2016-04-26 04:48:39,17.2,49.4,40,31,42
2016-04-26 04:49:07,17.2,49.0,40,31,42
2016-04-26 04:49:37,17.2,49.3,40,31,42
2016-04-26 04:50:07,17.2,50.9,40,31,32
2016-04-26 04:50:37,17.2,49.7,40,31,42
2016-04-26 04:51:07,17.2,49.2,40,31,42
2016-04-26 04:51:37,17.2,49.1,40,31,42
2016-04-26 04:52:07,17.2,49.4,40,31,42
2016-04-26 04:52:37,17.1,50.0,40,41,42
2016-04-26 04:53:07,16.9,47.7,40,31,42
2016-04-26 04:53:37,16.9,49.8,40,31,32
2016-04-26 04:54:07,16.9,47.6,40,31,42
2016-04-26 04:54:37,16.9,47.4,40,31,42
2016-04-26 04:55:07,16.9,47.6,40,31,42
2016-04-26 04:55:37,16.9,47.7,40,31,42
2016-04-26 04:56:07,16.9,47.3,40,31,42
2016-04-26 04:56:39,16.9,47.5,40,31,42
2016-04-26 04:57:07,17.0,49.9,40,31,32
2016-04-26 04:57:37,17.0,48.7,40,31,42
2016-04-26 04:58:09,17.0,48.8,40,31,42
2016-04-26 04:58:37,17.0,48.4,40,31,42
2016-04-26 04:59:07,17.0,48.8,40,31,42
2016-04-26 04:59:37,17.0,48.9,40,31,42
2016-04-26 05:00:07,17.0,49.2,40,31,42
2016-04-26 05:00:37,17.0,51.3,40,31,32
2016-04-26 05:01:07,17.0,49.6,40,31,42
2016-04-26 05:01:37,17.1,48.8,40,31,42
2016-04-26 05:02:07,17.0,48.5,40,31,42
2016-04-26 05:02:37,17.0,49.2,40,31,42
2016-04-26 05:03:07,17.1,49.0,40,31,42
2016-04-26 05:03:37,17.1,48.7,40,31,42
2016-04-26 05:04:07,17.1,50.2,40,31,32
2016-04-26 05:04:37,17.1,49.3,40,31,42
2016-04-26 05:05:09,17.1,48.9,40,31,42
2016-04-26 05:05:37,17.1,48.6,40,31,42
2016-04-26 05:06:07,17.1,48.5,40,31,42
2016-04-26 05:06:37,17.1,49.1,40,31,42
2016-04-26 05:07:08,17.1,48.6,40,31,42
2016-04-26 05:07:38,17.1,50.8,40,31,32
2016-04-26 05:08:10,17.1,50.0,40,31,42
2016-04-26 05:08:40,17.1,49.5,40,31,42
2016-04-26 05:09:08,17.1,48.6,40,31,42
2016-04-26 05:09:38,17.1,48.0,40,31,42
2016-04-26 05:10:08,17.0,49.3,40,31,42
2016-04-26 05:10:38,17.1,49.2,40,31,42
2016-04-26 05:11:08,17.0,50.1,40,41,32
2016-04-26 05:11:38,16.8,48.0,40,31,42
2016-04-26 05:12:08,16.7,47.4,40,31,42
2016-04-26 05:12:38,16.7,47.6,40,31,42
2016-04-26 05:13:08,16.7,48.1,40,31,42
2016-04-26 05:13:38,16.7,48.2,40,31,42
2016-04-26 05:14:08,16.7,48.1,40,31,42
2016-04-26 05:14:38,16.8,49.6,40,31,32
2016-04-26 05:15:08,16.8,48.7,40,31,42
2016-04-26 05:15:38,16.8,48.7,40,31,42
2016-04-26 05:16:08,16.8,48.4,40,31,42
2016-04-26 05:16:38,16.8,48.6,40,31,42
2016-04-26 05:17:14,16.8,48.1,40,31,42
2016-04-26 05:17:38,16.8,48.8,40,31,42
2016-04-26 05:18:06,16.9,49.3,40,31,32
2016-04-26 05:18:38,16.9,48.7,40,31,42
2016-04-26 05:19:06,16.9,48.4,40,31,42
2016-04-26 05:19:36,16.9,48.8,40,31,42
2016-04-26 05:20:06,16.9,48.6,40,31,42
2016-04-26 05:20:36,16.9,49.1,40,31,42
2016-04-26 05:21:06,16.9,49.3,40,31,42
2016-04-26 05:21:36,16.9,50.8,40,31,32
2016-04-26 05:22:06,16.9,49.2,40,31,42
2016-04-26 05:22:36,16.9,48.6,40,31,42
2016-04-26 05:23:06,16.9,48.6,40,31,42
2016-04-26 05:23:36,16.9,49.1,40,31,42
2016-04-26 05:24:06,16.9,48.6,40,31,42
2016-04-26 05:24:36,16.9,48.2,40,31,42
2016-04-26 05:25:08,16.9,50.7,40,31,32
2016-04-26 05:25:36,16.9,49.0,40,31,42
2016-04-26 05:26:06,16.9,48.9,40,31,42
2016-04-26 05:26:36,16.9,49.3,40,31,42
2016-04-26 05:27:06,16.9,49.5,40,31,42
2016-04-26 05:27:36,16.9,48.7,40,31,42
2016-04-26 05:28:06,16.9,49.3,40,31,42
2016-04-26 05:28:36,16.9,51.2,40,31,32
2016-04-26 05:29:06,16.9,49.6,40,31,42
2016-04-26 05:29:42,16.7,49.6,40,41,42
2016-04-26 05:30:08,16.6,47.6,40,31,42
2016-04-26 05:30:36,16.5,47.7,40,31,42
2016-04-26 05:31:06,16.5,47.7,40,31,42
2016-04-26 05:31:40,16.5,48.1,40,31,42
2016-04-26 05:32:06,16.5,49.6,40,31,32
2016-04-26 05:32:36,16.6,48.4,40,31,42
2016-04-26 05:33:06,16.6,48.1,40,31,42
2016-04-26 05:33:40,16.6,48.7,40,31,42
2016-04-26 05:34:06,16.6,48.4,40,31,42
2016-04-26 05:34:44,16.6,48.6,40,31,42
2016-04-26 05:35:06,16.7,48.5,40,31,42
2016-04-26 05:35:36,16.7,50.3,40,31,32
2016-04-26 05:36:06,16.7,48.9,40,31,42
2016-04-26 05:36:36,16.7,48.7,40,31,42
2016-04-26 05:37:06,16.7,48.7,40,31,42
2016-04-26 05:37:36,16.7,49.4,40,31,42
2016-04-26 05:38:06,16.8,48.7,40,31,42
2016-04-26 05:38:36,16.8,48.2,40,31,42
2016-04-26 05:39:10,16.8,49.8,40,31,32
2016-04-26 05:39:36,16.8,49.3,40,31,42
2016-04-26 05:40:07,16.8,48.6,40,31,42
2016-04-26 05:40:37,16.8,48.6,40,31,42
2016-04-26 05:41:07,16.8,48.1,40,31,42
2016-04-26 05:41:37,16.8,48.7,40,31,42
2016-04-26 05:42:07,16.8,48.4,40,31,42
2016-04-26 05:42:37,16.8,50.5,40,31,32
2016-04-26 05:43:07,16.8,49.7,40,31,42
2016-04-26 05:43:37,16.8,48.7,40,31,42
2016-04-26 05:44:07,16.8,48.4,40,31,42
2016-04-26 05:44:37,16.8,48.3,40,31,42
2016-04-26 05:45:07,16.8,48.5,40,31,42
2016-04-26 05:45:37,16.8,48.6,40,31,42
2016-04-26 05:46:09,16.8,50.3,40,31,32
2016-04-26 05:46:37,16.8,49.3,40,31,42
2016-04-26 05:47:07,16.8,50.0,40,31,42
2016-04-26 05:47:37,16.8,49.2,40,31,42
2016-04-26 05:48:07,16.7,49.8,40,41,42
2016-04-26 05:48:37,16.5,47.4,40,31,42
2016-04-26 05:49:07,16.4,47.3,40,31,42
2016-04-26 05:49:37,16.5,49.4,40,31,32
2016-04-26 05:50:07,16.5,48.2,40,31,42
2016-04-26 05:50:37,16.5,48.1,40,31,42
2016-04-26 05:51:07,16.5,48.0,40,31,42
2016-04-26 05:51:37,16.5,47.7,40,31,42
2016-04-26 05:52:07,16.5,47.8,40,31,42
2016-04-26 05:52:37,16.5,48.7,40,31,42
2016-04-26 05:53:07,16.6,50.6,40,31,32
2016-04-26 05:53:37,16.6,49.2,40,31,42
2016-04-26 05:54:07,16.6,48.5,40,31,42
2016-04-26 05:54:37,16.6,48.4,40,31,42
2016-04-26 05:55:09,16.6,48.7,40,31,42
2016-04-26 05:55:37,16.6,48.7,40,31,42
2016-04-26 05:56:07,16.6,48.5,40,31,42
2016-04-26 05:56:37,16.7,49.7,40,31,32
2016-04-26 05:57:07,16.7,49.2,40,31,42
2016-04-26 05:57:37,16.7,48.5,40,31,42
2016-04-26 05:58:07,16.7,48.7,40,31,42
2016-04-26 05:58:37,16.6,48.8,40,31,42
2016-04-26 05:59:07,16.7,48.3,40,31,42
2016-04-26 05:59:37,16.7,48.7,40,31,42
2016-04-26 06:00:09,16.7,50.4,40,31,32
2016-04-26 06:00:37,16.7,48.7,40,31,42
2016-04-26 06:01:07,16.7,48.7,40,31,42
2016-04-26 06:01:37,16.7,48.5,40,31,42
2016-04-26 06:02:07,16.6,48.6,40,31,42
2016-04-26 06:02:37,16.7,48.6,40,31,42
2016-04-26 06:03:07,16.7,48.4,40,31,42
2016-04-26 06:03:37,16.7,49.9,40,31,32
2016-04-26 06:04:07,16.7,49.6,40,31,42
2016-04-26 06:04:37,16.7,49.4,40,31,42
2016-04-26 06:05:07,16.7,49.5,40,31,42
2016-04-26 06:05:39,16.7,49.4,40,31,42
2016-04-26 06:06:07,16.7,49.8,40,31,42
2016-04-26 06:06:39,16.5,48.4,40,41,42
2016-04-26 06:07:07,16.4,50.3,40,31,32
2016-04-26 06:07:43,16.3,48.3,40,31,42
2016-04-26 06:08:07,16.3,47.5,40,31,42
2016-04-26 06:08:39,16.3,47.9,40,31,42
2016-04-26 06:09:07,16.3,47.7,40,31,42
2016-04-26 06:09:37,16.3,48.6,40,31,42
2016-04-26 06:10:07,16.4,48.0,40,31,42
2016-04-26 06:10:37,16.4,48.5,40,31,32
2016-04-26 06:11:07,16.4,48.8,40,31,42
2016-04-26 06:11:37,16.4,48.5,40,31,42
2016-04-26 06:12:10,16.5,48.4,40,31,42
2016-04-26 06:12:38,16.5,48.4,40,31,42
2016-04-26 06:13:08,16.5,48.8,40,31,42
2016-04-26 06:13:38,16.5,48.5,40,31,42
2016-04-26 06:14:08,16.5,49.9,40,31,32
2016-04-26 06:14:38,16.5,49.4,40,31,42
2016-04-26 06:15:08,16.5,49.4,40,31,42
2016-04-26 06:15:40,16.5,48.6,40,31,42
2016-04-26 06:16:08,16.5,48.5,40,31,42
2016-04-26 06:16:38,16.5,48.4,40,31,42
2016-04-26 06:17:08,16.5,48.9,40,31,42
2016-04-26 06:17:38,16.5,49.7,40,31,32
2016-04-26 06:18:08,16.6,48.4,40,31,42
2016-04-26 06:18:38,16.5,49.1,40,31,42
2016-04-26 06:19:08,16.5,49.2,40,31,42
2016-04-26 06:19:38,16.5,48.5,40,31,42
2016-04-26 06:20:08,16.6,48.8,40,31,42
2016-04-26 06:20:38,16.5,48.4,40,31,42
2016-04-26 06:21:08,16.6,50.5,40,31,32
2016-04-26 06:21:38,16.6,49.7,40,31,42
2016-04-26 06:22:08,16.6,49.5,40,31,42
2016-04-26 06:22:38,16.5,48.9,40,31,42
2016-04-26 06:23:10,16.6,49.2,40,31,42
2016-04-26 06:23:38,16.6,49.1,40,31,42
2016-04-26 06:24:08,16.5,49.1,40,31,42
2016-04-26 06:24:36,16.6,50.9,40,31,32
2016-04-26 06:25:06,16.5,50.8,40,41,42
2016-04-26 06:25:36,16.3,48.2,40,31,42
2016-04-26 06:26:06,16.2,47.5,40,31,42
2016-04-26 06:26:36,16.2,47.7,40,31,42
2016-04-26 06:27:06,16.2,47.4,40,31,42
2016-04-26 06:27:36,16.2,47.4,40,31,42
2016-04-26 06:28:10,16.3,49.6,40,31,32
2016-04-26 06:28:36,16.3,49.1,40,31,42
2016-04-26 06:29:06,16.3,48.6,40,31,42
2016-04-26 06:29:36,16.3,49.2,40,31,42
2016-04-26 06:30:06,16.3,48.5,40,31,42
2016-04-26 06:30:36,16.4,48.7,40,31,42
2016-04-26 06:31:08,16.4,48.4,40,31,42
2016-04-26 06:31:36,16.4,50.0,40,31,32
2016-04-26 06:32:10,16.4,48.9,40,31,42
2016-04-26 06:32:36,16.4,49.1,40,31,42
2016-04-26 06:33:06,16.4,48.5,40,31,42
2016-04-26 06:33:36,16.4,48.2,40,31,42
2016-04-26 06:34:06,16.4,48.5,40,31,42
2016-04-26 06:34:36,16.4,48.9,40,31,42
2016-04-26 06:35:06,16.4,48.9,40,31,32
2016-04-26 06:35:38,16.4,48.6,40,31,42
2016-04-26 06:36:06,16.5,48.7,40,31,42
2016-04-26 06:36:36,16.4,48.8,40,31,42
2016-04-26 06:37:06,16.4,48.2,40,31,42
2016-04-26 06:37:36,16.5,48.6,40,31,42
2016-04-26 06:38:06,16.5,48.8,40,31,42
2016-04-26 06:38:36,16.5,50.0,40,31,32
2016-04-26 06:39:06,16.5,49.3,40,31,42
2016-04-26 06:39:36,16.5,49.3,40,31,42
2016-04-26 06:40:06,16.5,49.9,40,31,42
2016-04-26 06:40:36,16.5,49.7,40,31,42
2016-04-26 06:41:06,16.5,49.1,40,31,42
2016-04-26 06:41:36,16.5,48.6,40,31,42
2016-04-26 06:42:06,16.5,51.2,40,31,32
2016-04-26 06:42:36,16.4,50.1,40,31,42
2016-04-26 06:43:06,16.5,49.7,40,31,42
2016-04-26 06:43:36,16.3,50.0,40,41,42
2016-04-26 06:44:06,16.1,48.1,40,31,42
2016-04-26 06:44:36,16.1,48.1,40,31,42
2016-04-26 06:45:07,16.1,47.8,40,31,42
2016-04-26 06:45:37,16.2,49.5,40,31,32
2016-04-26 06:46:07,16.2,48.7,40,31,42
2016-04-26 06:46:37,16.2,48.4,40,31,42
2016-04-26 06:47:07,16.2,48.2,40,31,42
2016-04-26 06:47:37,16.2,47.8,40,31,42
2016-04-26 06:48:07,16.2,47.9,40,31,42
2016-04-26 06:48:37,16.2,48.3,40,31,42
2016-04-26 06:49:07,16.3,49.5,40,31,32
2016-04-26 06:49:37,16.3,49.2,40,31,42
2016-04-26 06:50:07,16.3,49.3,40,31,42
2016-04-26 06:50:37,16.3,49.4,40,31,42
2016-04-26 06:51:07,16.3,48.8,40,31,42
2016-04-26 06:51:39,16.3,48.6,40,31,42
2016-04-26 06:52:07,16.4,48.6,40,31,42
2016-04-26 06:52:39,16.4,49.9,40,31,32
2016-04-26 06:53:07,16.4,49.1,40,31,42
2016-04-26 06:53:37,16.3,48.6,40,31,42
2016-04-26 06:54:07,16.4,48.7,40,31,42
2016-04-26 06:54:37,16.4,48.7,40,31,42
2016-04-26 06:55:07,16.4,48.5,40,31,42
2016-04-26 06:55:37,16.4,48.4,40,31,42
2016-04-26 06:56:07,16.4,49.9,40,31,32
2016-04-26 06:56:37,16.4,48.9,40,31,42
2016-04-26 06:57:07,16.4,49.0,40,31,42
2016-04-26 06:57:37,16.4,49.2,40,31,42
2016-04-26 06:58:07,16.4,48.8,40,31,42
2016-04-26 06:58:39,16.4,49.2,40,31,42
2016-04-26 06:59:07,16.4,49.4,40,31,42
2016-04-26 06:59:39,16.4,50.9,40,31,32
2016-04-26 07:00:07,16.4,50.0,40,31,42
2016-04-26 07:00:37,16.4,49.4,40,31,42
2016-04-26 07:01:07,16.4,49.3,40,31,42
2016-04-26 07:01:37,16.4,49.3,40,31,42
2016-04-26 07:02:07,16.2,49.5,40,41,42
2016-04-26 07:02:39,16.1,47.4,40,31,42
2016-04-26 07:03:07,16.0,49.6,40,31,32
2016-04-26 07:03:39,16.0,48.4,40,31,42
2016-04-26 07:04:07,16.0,48.4,40,31,42
2016-04-26 07:04:37,16.1,48.8,40,31,42
2016-04-26 07:05:07,16.1,48.3,40,31,42
2016-04-26 07:05:37,16.1,48.8,40,31,42
2016-04-26 07:06:07,16.1,48.4,40,31,42
2016-04-26 07:06:37,16.2,50.7,40,31,32
2016-04-26 07:07:07,16.2,49.5,40,31,42
2016-04-26 07:07:39,16.2,49.0,40,31,42
2016-04-26 07:08:07,16.2,48.9,40,31,42
2016-04-26 07:08:39,16.2,49.1,40,31,42
2016-04-26 07:09:07,16.2,48.2,40,31,42
2016-04-26 07:09:37,16.2,49.3,40,31,42
2016-04-26 07:10:07,16.2,51.1,40,31,32
2016-04-26 07:10:37,16.2,49.4,40,31,42
2016-04-26 07:11:11,16.3,48.9,40,31,42
2016-04-26 07:11:37,16.3,48.9,40,31,42
2016-04-26 07:12:07,16.3,49.1,40,31,42
2016-04-26 07:12:37,16.3,48.7,40,31,42
2016-04-26 07:13:07,16.3,49.1,40,31,42
2016-04-26 07:13:37,16.3,49.7,40,31,32
2016-04-26 07:14:07,16.4,49.1,40,31,42
2016-04-26 07:14:37,16.5,48.8,40,31,42
2016-04-26 07:15:07,16.6,48.4,40,31,42
2016-04-26 07:15:37,16.6,48.0,40,31,42
2016-04-26 07:16:07,16.8,48.8,40,31,42
2016-04-26 07:16:37,16.8,48.7,40,31,42
2016-04-26 07:17:07,16.9,48.9,40,31,32
2016-04-26 07:17:37,17.0,48.1,40,31,42
2016-04-26 07:18:07,17.1,47.7,40,31,42
2016-04-26 07:18:38,17.2,47.7,40,31,42
2016-04-26 07:19:08,17.2,47.5,40,31,42
2016-04-26 07:19:40,17.3,47.8,40,31,42
2016-04-26 07:20:08,17.4,48.5,40,31,42
2016-04-26 07:20:38,17.3,49.4,40,41,32
2016-04-26 07:21:12,17.2,46.2,40,31,42
2016-04-26 07:21:38,17.2,45.7,40,31,42
2016-04-26 07:22:12,17.2,46.4,40,31,42
2016-04-26 07:22:38,17.2,45.9,40,31,42
2016-04-26 07:23:08,17.3,46.4,40,31,42
2016-04-26 07:23:40,17.4,46.1,40,31,42
2016-04-26 07:24:08,17.4,47.9,40,31,32
2016-04-26 07:24:38,17.5,47.4,40,31,42
2016-04-26 07:25:12,17.6,47.0,40,31,42
2016-04-26 07:25:38,17.6,47.0,40,31,42
2016-04-26 07:26:08,17.7,47.6,40,31,42
2016-04-26 07:26:38,17.7,45.5,40,31,42
2016-04-26 07:27:08,17.8,47.0,40,31,42
2016-04-26 07:27:38,17.8,48.2,40,31,32
2016-04-26 07:28:08,17.9,47.6,40,31,42
2016-04-26 07:28:38,17.9,47.3,40,31,42
2016-04-26 07:29:08,18.0,47.2,40,31,42
2016-04-26 07:29:38,18.0,46.4,40,31,42
2016-04-26 07:30:06,18.0,46.8,40,31,42
2016-04-26 07:30:36,18.1,46.7,40,31,42
2016-04-26 07:31:08,18.2,48.3,40,31,32
2016-04-26 07:31:36,18.2,47.8,40,31,42
2016-04-26 07:32:06,18.2,47.8,40,31,42
2016-04-26 07:32:36,18.2,47.1,40,31,42
2016-04-26 07:33:06,18.3,46.5,40,31,42
2016-04-26 07:33:36,18.3,47.1,40,31,42
2016-04-26 07:34:06,18.3,47.0,40,31,42
2016-04-26 07:34:36,18.4,49.1,40,31,32
2016-04-26 07:35:08,18.4,48.8,40,31,42
2016-04-26 07:35:38,18.4,48.3,40,31,42
2016-04-26 07:36:06,18.4,48.2,40,31,42
2016-04-26 07:36:36,18.4,48.0,40,31,42
2016-04-26 07:37:08,18.5,47.8,40,31,42
2016-04-26 07:37:36,18.5,47.7,40,31,42
2016-04-26 07:38:06,18.5,50.4,40,31,32
2016-04-26 07:38:36,18.6,48.6,40,31,42
2016-04-26 07:39:06,18.4,48.1,40,41,42
2016-04-26 07:39:36,18.2,45.6,40,31,42
2016-04-26 07:40:06,18.1,46.0,40,31,42
2016-04-26 07:40:36,18.2,46.1,40,31,42
2016-04-26 07:41:06,18.2,46.0,40,31,42
2016-04-26 07:41:36,18.2,48.8,40,31,32
2016-04-26 07:42:06,18.3,47.3,40,31,42
2016-04-26 07:42:36,18.3,46.4,40,31,42
2016-04-26 07:43:06,18.4,46.6,40,31,42
2016-04-26 07:43:36,18.4,47.1,40,31,42
2016-04-26 07:44:06,18.5,47.4,40,31,42
2016-04-26 07:44:36,18.5,47.2,40,31,42
2016-04-26 07:45:06,18.6,50.1,40,31,32
2016-04-26 07:45:36,18.6,48.3,40,31,42
2016-04-26 07:46:06,18.6,47.6,40,31,42
2016-04-26 07:46:36,18.7,47.5,40,31,42
2016-04-26 07:47:06,18.7,47.5,40,31,42
2016-04-26 07:47:38,18.7,47.2,40,31,42
2016-04-26 07:48:06,18.7,47.3,40,31,42
2016-04-26 07:48:36,18.8,49.3,40,31,32
2016-04-26 07:49:06,18.8,47.5,40,31,42
2016-04-26 07:49:36,18.9,47.4,40,31,42
2016-04-26 07:50:06,18.9,48.1,40,31,42
2016-04-26 07:50:37,18.9,47.8,40,31,42
2016-04-26 07:51:07,18.9,48.0,40,31,42
2016-04-26 07:51:37,18.9,47.8,40,31,42
2016-04-26 07:52:07,19.0,50.0,40,31,32
2016-04-26 07:52:37,19.0,48.5,40,31,42
2016-04-26 07:53:07,19.0,46.3,40,31,42
2016-04-26 07:53:39,19.0,48.0,40,31,42
2016-04-26 07:54:07,19.0,47.7,40,31,42
2016-04-26 07:54:37,19.1,47.6,40,31,42
2016-04-26 07:55:07,19.1,48.1,40,31,42
2016-04-26 07:55:37,19.1,50.1,40,31,32
2016-04-26 07:56:07,19.1,48.3,40,31,42
2016-04-26 07:56:37,19.2,48.1,40,31,42
2016-04-26 07:57:07,19.2,48.1,40,31,42
2016-04-26 07:57:37,19.0,47.6,40,41,42
2016-04-26 07:58:07,18.7,45.2,40,31,42
2016-04-26 07:58:37,18.7,45.7,40,31,42
2016-04-26 07:59:07,18.7,48.3,40,31,32
2016-04-26 07:59:37,18.7,47.0,40,31,42
2016-04-26 08:00:07,18.8,46.7,40,31,42
2016-04-26 08:00:37,18.8,46.2,40,31,42
2016-04-26 08:01:07,18.9,46.0,40,31,42
2016-04-26 08:01:37,18.9,46.5,40,31,42
2016-04-26 08:02:07,19.0,46.6,40,31,42
2016-04-26 08:02:37,19.0,48.3,40,31,32
2016-04-26 08:03:07,19.0,47.2,40,31,42
2016-04-26 08:03:37,19.1,47.1,40,31,42
2016-04-26 08:04:07,19.1,47.2,40,31,42
2016-04-26 08:04:39,19.2,47.3,40,31,42
2016-04-26 08:05:07,19.2,47.5,40,31,42
2016-04-26 08:05:37,19.2,47.4,40,31,42
2016-04-26 08:06:07,19.3,49.5,40,31,32
2016-04-26 08:06:39,19.3,48.0,40,31,42
2016-04-26 08:07:07,19.3,47.1,40,31,42
2016-04-26 08:07:37,19.4,47.0,40,31,42
2016-04-26 08:08:07,19.4,47.6,40,31,42
2016-04-26 08:08:37,19.4,47.5,40,31,42
2016-04-26 08:09:09,19.4,47.2,40,31,42
2016-04-26 08:09:37,19.4,49.8,40,31,32
2016-04-26 08:10:07,19.5,48.1,40,31,42
2016-04-26 08:10:37,19.4,47.7,40,31,42
2016-04-26 08:11:07,19.5,47.9,40,31,42
2016-04-26 08:11:37,19.5,47.6,40,31,42
2016-04-26 08:12:07,19.5,47.8,40,31,42
2016-04-26 08:12:37,19.5,47.6,40,31,42
2016-04-26 08:13:07,19.5,49.6,40,31,32
2016-04-26 08:13:39,19.6,48.5,40,31,42
2016-04-26 08:14:07,19.6,47.9,40,31,42
2016-04-26 08:14:37,19.6,47.6,40,31,42
2016-04-26 08:15:07,19.6,47.7,40,31,42
2016-04-26 08:15:37,19.6,47.6,40,31,42
2016-04-26 08:16:07,19.4,47.0,40,41,42
2016-04-26 08:16:37,19.2,48.3,40,31,32
2016-04-26 08:17:07,19.1,46.6,40,31,42
2016-04-26 08:17:37,19.1,45.4,40,31,42
2016-04-26 08:18:07,19.2,45.5,40,31,42
2016-04-26 08:18:37,19.2,45.4,40,31,42
2016-04-26 08:19:07,19.3,45.4,40,31,42
2016-04-26 08:19:37,19.3,46.0,40,31,42
2016-04-26 08:20:07,19.3,48.7,40,31,32
2016-04-26 08:20:37,19.4,47.5,40,31,42
2016-04-26 08:21:07,19.4,46.7,40,31,42
2016-04-26 08:21:37,19.4,46.6,40,31,42
2016-04-26 08:22:07,19.5,46.7,40,31,42
2016-04-26 08:22:37,19.5,46.7,40,31,42
2016-04-26 08:23:07,19.5,46.7,40,31,42
2016-04-26 08:23:38,19.6,49.0,40,31,32
2016-04-26 08:24:08,19.6,48.0,40,31,42
2016-04-26 08:24:38,19.6,47.3,40,31,42
2016-04-26 08:25:10,19.7,47.0,40,31,42
2016-04-26 08:25:38,19.6,47.2,40,31,42
2016-04-26 08:26:08,19.7,47.1,40,31,42
2016-04-26 08:26:52,19.7,45.9,40,31,42
2016-04-26 08:27:08,19.7,48.3,40,31,32
2016-04-26 08:27:38,19.7,47.8,40,31,42
2016-04-26 08:28:08,19.7,48.1,40,31,42
2016-04-26 08:28:38,19.8,47.8,40,31,42
2016-04-26 08:29:08,19.8,47.4,40,31,42
2016-04-26 08:29:38,19.8,48.0,40,31,42
2016-04-26 08:30:08,19.8,47.7,40,31,42
2016-04-26 08:30:38,19.9,49.6,40,31,32
2016-04-26 08:31:08,19.8,48.2,40,31,42
2016-04-26 08:31:38,19.9,48.1,40,31,42
2016-04-26 08:32:08,19.9,48.1,40,31,42
2016-04-26 08:32:44,19.9,48.3,40,31,42
2016-04-26 08:33:08,19.9,47.7,40,31,42
2016-04-26 08:33:38,19.9,47.9,40,31,42
2016-04-26 08:34:08,20.0,49.2,40,31,32
2016-04-26 08:34:38,19.7,47.5,40,41,42
2016-04-26 08:35:06,19.4,45.3,40,31,42
2016-04-26 08:35:36,19.4,45.1,40,31,42
2016-04-26 08:36:06,19.4,45.6,40,31,42
2016-04-26 08:36:36,19.4,45.6,40,31,42
2016-04-26 08:37:06,19.5,45.5,40,31,42
2016-04-26 08:37:36,19.5,48.2,40,31,32
2016-04-26 08:38:06,19.5,46.5,40,31,42
2016-04-26 08:38:36,19.6,46.8,40,31,42
2016-04-26 08:39:06,19.6,46.6,40,31,42
2016-04-26 08:39:38,19.7,46.3,40,31,42
2016-04-26 08:40:12,19.7,46.4,40,31,42
2016-04-26 08:40:36,19.7,46.8,40,31,42
2016-04-26 08:41:09,19.8,47.1,40,31,32
2016-04-26 08:41:37,19.9,45.9,40,31,42
2016-04-26 08:42:07,19.9,46.8,40,31,42
2016-04-26 08:42:37,19.9,44.7,40,31,42
2016-04-26 08:43:09,19.9,47.0,40,31,42
2016-04-26 08:43:37,20.0,44.9,40,31,42
2016-04-26 08:44:09,20.0,47.0,40,31,42
2016-04-26 08:44:37,20.0,49.2,40,31,32
2016-04-26 08:45:07,20.0,47.4,40,31,42
2016-04-26 08:45:39,20.0,45.8,40,31,42
2016-04-26 08:46:11,20.1,45.3,40,31,42
2016-04-26 08:46:37,20.1,47.5,40,31,42
2016-04-26 08:47:07,20.1,45.4,40,31,42
2016-04-26 08:47:39,20.1,47.2,40,31,42
2016-04-26 08:48:07,20.1,49.0,40,31,32
2016-04-26 08:48:37,20.1,47.7,40,31,42
2016-04-26 08:49:07,20.1,47.9,40,31,42
2016-04-26 08:49:37,20.1,47.1,40,31,42
2016-04-26 08:50:07,20.2,46.7,40,31,42
2016-04-26 08:50:37,20.2,47.2,40,31,42
2016-04-26 08:51:07,20.2,47.8,40,31,42
2016-04-26 08:51:37,20.2,49.8,40,31,32
2016-04-26 08:52:11,20.2,48.2,40,31,42
2016-04-26 08:52:37,20.2,48.1,40,31,42
2016-04-26 08:53:07,20.0,46.8,40,41,42
2016-04-26 08:53:37,19.7,45.1,40,31,42
2016-04-26 08:54:07,19.6,45.0,40,31,42
2016-04-26 08:54:39,19.6,43.1,40,31,42
2016-04-26 08:55:07,19.7,47.6,40,31,32
2016-04-26 08:55:37,19.7,46.1,40,31,42
2016-04-26 08:56:07,19.8,45.8,40,31,42
2016-04-26 08:56:37,19.8,46.0,40,31,42
2016-04-26 08:57:07,19.9,46.0,40,31,42
2016-04-26 08:57:37,19.9,44.7,40,31,42
2016-04-26 08:58:07,19.9,44.5,40,31,42
2016-04-26 08:58:37,20.0,46.9,40,31,32
2016-04-26 08:59:07,20.0,45.7,40,31,42
2016-04-26 08:59:37,20.1,45.9,40,31,42
2016-04-26 09:00:13,20.1,47.0,40,31,42
2016-04-26 09:00:37,20.1,46.8,40,31,42
2016-04-26 09:01:07,20.2,46.7,40,31,42
2016-04-26 09:01:37,20.2,47.0,40,31,42
2016-04-26 09:02:08,20.2,49.0,40,31,32
2016-04-26 09:02:38,20.2,48.1,40,31,42
2016-04-26 09:03:08,20.2,46.9,40,31,42
2016-04-26 09:03:38,20.2,47.1,40,31,42
2016-04-26 09:04:08,20.3,47.0,40,31,42
2016-04-26 09:04:38,20.3,47.5,40,31,42
2016-04-26 09:05:08,20.3,47.7,40,31,42
2016-04-26 09:05:38,20.3,49.3,40,31,32
2016-04-26 09:06:08,20.3,48.5,40,31,42
2016-04-26 09:06:38,20.3,48.2,40,31,42
2016-04-26 09:07:08,20.3,47.8,40,31,42
2016-04-26 09:07:40,20.4,47.7,40,31,42
2016-04-26 09:08:08,20.4,47.7,40,31,42
2016-04-26 09:08:38,20.4,47.4,40,31,42
2016-04-26 09:09:08,20.4,49.2,40,31,32
2016-04-26 09:09:38,20.4,47.8,40,31,42
2016-04-26 09:10:08,20.4,47.5,40,31,42
2016-04-26 09:10:38,20.4,47.9,40,31,42
2016-04-26 09:11:08,20.4,47.5,40,31,42
2016-04-26 09:11:38,20.2,46.7,40,41,42
2016-04-26 09:12:10,19.9,44.0,40,31,42
2016-04-26 09:12:38,19.9,46.8,40,31,32
2016-04-26 09:13:08,19.9,45.5,40,31,42
2016-04-26 09:13:38,19.9,45.8,40,31,42
2016-04-26 09:14:08,19.9,45.5,40,31,42
2016-04-26 09:14:36,20.0,46.0,40,31,42
2016-04-26 09:15:08,20.0,45.9,40,31,42
2016-04-26 09:15:36,20.1,45.7,40,31,42
2016-04-26 09:16:06,20.1,48.3,40,31,32
2016-04-26 09:16:36,20.2,46.7,40,31,42
2016-04-26 09:17:06,20.2,46.9,40,31,42
2016-04-26 09:17:36,20.2,47.2,40,31,42
2016-04-26 09:18:06,20.3,46.6,40,31,42
2016-04-26 09:18:36,20.3,46.8,40,31,42
2016-04-26 09:19:06,20.3,46.7,40,31,42
2016-04-26 09:19:36,20.3,48.5,40,31,32
2016-04-26 09:20:06,20.4,46.8,40,31,42
2016-04-26 09:20:36,20.4,46.2,40,31,42
2016-04-26 09:21:06,20.4,46.1,40,31,42
2016-04-26 09:21:36,20.4,46.4,40,31,42
2016-04-26 09:22:06,20.4,44.9,40,31,42
2016-04-26 09:22:36,20.4,46.5,40,31,42
2016-04-26 09:23:06,20.5,49.0,40,31,32
2016-04-26 09:23:36,20.5,47.6,40,31,42
2016-04-26 09:24:06,20.5,46.8,40,31,42
2016-04-26 09:24:38,20.5,46.9,40,31,42
2016-04-26 09:25:06,20.5,47.1,40,31,42
2016-04-26 09:25:36,20.5,47.1,40,31,42
2016-04-26 09:26:06,20.5,47.1,40,31,42
2016-04-26 09:26:36,20.6,48.9,40,31,32
2016-04-26 09:27:06,20.6,47.5,40,31,42
2016-04-26 09:27:36,20.6,47.5,40,31,42
2016-04-26 09:28:08,20.6,47.4,40,31,42
2016-04-26 09:28:36,20.6,47.1,40,31,42
2016-04-26 09:29:06,20.6,46.8,40,31,42
2016-04-26 09:29:40,20.6,46.6,40,31,42
2016-04-26 09:30:06,20.5,46.8,40,41,32
2016-04-26 09:30:38,20.2,43.4,40,31,42
2016-04-26 09:31:06,20.1,43.7,40,31,42
2016-04-26 09:31:36,20.1,44.1,40,31,42
2016-04-26 09:32:06,20.1,44.4,40,31,42
2016-04-26 09:32:36,20.2,44.5,40,31,42
2016-04-26 09:33:06,20.2,45.3,40,31,42
2016-04-26 09:33:36,20.2,47.0,40,31,32
2016-04-26 09:34:06,20.3,46.6,40,31,42
2016-04-26 09:35:02,20.3,45.8,30,31,42
2016-04-26 09:35:32,20.3,45.6,40,31,42
2016-04-26 09:36:02,20.4,46.1,40,31,42
2016-04-26 09:36:32,20.4,46.3,40,31,42
2016-04-26 09:37:04,20.4,45.8,40,31,42
2016-04-26 09:37:32,20.5,45.7,40,31,42
2016-04-26 09:38:04,20.5,48.6,40,31,32
2016-04-26 09:38:34,20.5,46.9,40,31,42
2016-04-26 09:39:05,20.5,46.3,40,31,42
2016-04-26 09:39:33,20.6,46.8,40,31,42
2016-04-26 09:40:03,20.5,46.2,40,31,42
2016-04-26 09:40:33,20.6,45.7,40,31,42
2016-04-26 09:41:03,20.6,46.3,40,31,42
2016-04-26 09:41:33,20.6,48.3,40,31,32
2016-04-26 09:42:03,20.7,45.7,40,31,42
2016-04-26 09:42:33,20.7,46.6,40,31,42
2016-04-26 09:43:03,20.7,46.8,40,31,42
2016-04-26 09:43:33,20.7,46.5,40,31,42
2016-04-26 09:44:03,20.7,46.7,40,31,42
2016-04-26 09:44:33,20.7,45.7,40,31,42
2016-04-26 09:45:03,20.7,47.2,40,31,32
2016-04-26 09:45:33,20.7,46.6,40,31,42
2016-04-26 09:46:03,20.7,46.5,40,31,42
2016-04-26 09:46:33,20.7,46.6,40,31,42
2016-04-26 09:47:03,20.8,46.3,40,31,42
2016-04-26 09:47:33,20.8,46.1,40,31,42
2016-04-26 09:48:03,20.8,46.3,40,31,42
2016-04-26 09:48:33,20.8,48.1,40,31,32
2016-04-26 09:49:03,20.8,47.2,40,31,42
2016-04-26 09:49:33,20.8,46.9,40,31,42
2016-04-26 09:50:03,20.8,47.0,40,31,42
2016-04-26 09:50:33,20.8,46.9,40,31,42
2016-04-26 09:53:22,20.8,47.4,30,31,42
2016-04-26 09:53:54,20.8,45.0,40,31,42
2016-04-26 09:54:22,20.8,47.0,40,31,42
2016-04-26 09:54:52,20.8,46.5,40,31,42
2016-04-26 09:55:22,20.8,46.7,40,31,42
2016-04-26 09:55:52,20.8,45.1,40,31,42
2016-04-26 09:56:22,20.9,49.4,40,31,32
2016-04-26 09:56:52,20.9,46.5,40,31,42
2016-04-26 09:57:22,20.9,45.8,40,31,42
2016-04-26 09:57:52,20.9,47.0,40,31,42
2016-04-26 09:58:22,20.9,46.5,40,31,42
2016-04-26 09:58:52,20.9,46.9,40,31,42
2016-04-26 09:59:22,20.9,45.7,40,31,42
2016-04-26 09:59:52,20.9,47.6,40,31,32
2016-04-26 10:00:22,20.9,47.7,40,31,42
2016-04-26 10:00:52,21.0,46.3,40,31,42
2016-04-26 10:01:22,20.9,47.1,40,31,42
2016-04-26 10:01:52,20.9,47.2,40,31,42
2016-04-26 10:02:22,20.9,47.0,40,31,42
2016-04-26 10:02:54,20.9,46.7,40,31,42
2016-04-26 10:03:22,21.0,48.4,40,31,32
2016-04-26 10:03:56,21.0,47.5,40,31,42
2016-04-26 10:04:22,20.9,47.2,40,31,42
2016-04-26 10:04:54,20.9,47.0,40,31,42
2016-04-26 10:05:22,20.9,47.7,40,31,42
2016-04-26 10:05:54,21.0,47.4,40,31,42
2016-04-26 10:06:22,20.9,47.7,40,31,42
2016-04-26 10:06:52,21.0,48.7,40,31,32
2016-04-26 10:07:22,21.0,47.3,40,31,42
2016-04-26 10:07:52,21.0,47.3,40,31,42
2016-04-26 10:08:22,21.0,47.5,40,31,42
2016-04-26 10:08:52,21.0,47.8,40,31,42
2016-04-26 10:09:22,21.0,47.3,40,31,42
2016-04-26 10:09:52,21.0,45.7,40,31,42
2016-04-26 10:10:22,21.0,49.4,40,31,32
2016-04-26 10:10:52,21.0,47.5,40,31,42
2016-04-26 10:11:22,20.8,46.0,40,41,42
2016-04-26 10:11:52,20.5,43.7,40,31,42
2016-04-26 10:12:22,20.5,44.6,40,31,42
2016-04-26 10:12:52,20.4,44.7,40,31,42
2016-04-26 10:13:22,20.5,45.0,40,31,42
2016-04-26 10:13:54,20.5,45.9,40,31,32
2016-04-26 10:14:22,20.6,45.5,40,31,42
2016-04-26 10:14:52,20.6,45.2,40,31,42
2016-04-26 10:15:22,20.6,45.9,40,31,42
2016-04-26 10:15:52,20.6,45.6,40,31,42
2016-04-26 10:16:26,20.7,46.0,40,31,42
2016-04-26 10:16:52,20.7,45.9,40,31,42
2016-04-26 10:17:22,20.7,48.0,40,31,32
2016-04-26 10:17:52,20.8,47.4,40,31,42
2016-04-26 10:18:22,20.8,46.7,40,31,42
2016-04-26 10:18:54,20.8,46.3,40,31,42
2016-04-26 10:19:22,20.9,45.6,40,31,42
2016-04-26 10:19:52,20.9,45.5,40,31,42
2016-04-26 10:20:22,20.9,46.4,40,31,42
2016-04-26 10:20:52,20.7,40.6,40,31,32
2016-04-26 10:21:22,20.4,39.2,40,31,42
2016-04-26 10:21:52,20.2,38.7,40,31,42
2016-04-26 10:22:22,19.9,38.4,40,31,42
2016-04-26 10:23:00,19.7,38.2,40,31,42
2016-04-26 10:23:22,19.6,38.1,40,31,42
2016-04-26 10:23:52,19.7,38.6,40,31,42
2016-04-26 10:24:22,19.8,40.8,40,31,32
2016-04-26 10:24:52,19.8,40.0,40,31,42
2016-04-26 10:25:23,19.9,40.2,40,31,42
2016-04-26 10:25:53,20.0,40.2,40,31,42
2016-04-26 10:26:23,20.1,40.1,40,31,42
2016-04-26 10:26:53,20.2,40.4,40,31,42
2016-04-26 10:27:23,20.2,40.2,40,31,42
2016-04-26 10:27:53,20.3,42.8,40,31,32
2016-04-26 10:28:23,20.4,41.5,40,31,42
2016-04-26 10:28:53,20.4,41.2,40,31,42
2016-04-26 10:29:23,20.5,41.2,40,31,42
2016-04-26 10:29:53,20.5,40.7,40,41,42
2016-04-26 10:30:31,20.3,38.8,40,31,42
2016-04-26 10:30:53,20.3,39.1,40,31,42
2016-04-26 10:31:23,20.4,40.1,40,31,32
2016-04-26 10:31:53,20.4,39.0,40,31,42
2016-04-26 10:32:23,20.4,40.1,40,31,42
2016-04-26 10:32:53,20.4,40.1,40,31,42
2016-04-26 10:33:23,20.5,39.9,40,31,42
2016-04-26 10:33:53,20.5,40.5,40,31,42
2016-04-26 10:34:27,20.6,40.8,40,31,42
2016-04-26 10:34:57,20.6,38.4,40,31,32
2016-04-26 10:35:23,20.4,37.9,40,31,42
2016-04-26 10:35:53,20.3,37.8,40,31,42
2016-04-26 10:36:23,20.4,38.8,40,31,42
2016-04-26 10:36:53,20.4,39.3,40,31,42
2016-04-26 10:37:23,20.4,39.4,40,31,42
2016-04-26 10:37:53,20.4,39.7,40,31,42
2016-04-26 10:38:23,20.5,41.9,40,31,32
2016-04-26 10:38:53,20.5,40.8,40,31,42
2016-04-26 10:39:23,20.6,40.5,40,31,42
2016-04-26 10:39:53,20.6,41.0,40,31,42
2016-04-26 10:40:23,20.7,41.1,40,31,42
2016-04-26 10:40:53,20.7,40.8,40,31,42
2016-04-26 10:41:23,20.7,41.2,40,31,42
2016-04-26 10:41:53,20.8,41.5,40,31,32
2016-04-26 10:42:23,20.8,42.2,40,31,42
2016-04-26 10:42:53,20.8,42.0,40,31,42
2016-04-26 10:43:23,20.9,42.4,40,31,42
2016-04-26 10:43:53,20.9,41.8,40,31,42
2016-04-26 10:44:25,20.9,42.0,40,31,42
2016-04-26 10:44:55,20.9,42.2,40,31,42
2016-04-26 10:45:23,21.0,44.1,40,31,32
2016-04-26 10:45:53,21.0,43.4,40,31,42
2016-04-26 10:46:23,21.0,42.7,40,31,42
2016-04-26 10:46:53,21.0,42.7,40,31,42
2016-04-26 10:47:23,21.0,42.3,40,31,42
2016-04-26 10:47:53,21.0,42.4,40,31,42
2016-04-26 10:48:23,20.9,40.7,40,41,42
2016-04-26 10:48:53,20.8,40.7,40,31,32
2016-04-26 10:49:23,20.7,39.6,40,31,42
2016-04-26 10:49:53,20.7,39.9,40,31,42
2016-04-26 10:50:23,20.7,40.0,40,31,42
2016-04-26 10:50:53,20.7,40.3,40,31,42
2016-04-26 10:51:25,20.7,40.2,40,31,42
2016-04-26 10:51:55,20.8,40.6,40,31,42
2016-04-26 10:52:25,20.8,42.9,40,31,32
2016-04-26 10:52:53,20.8,41.8,40,31,42
2016-04-26 10:53:23,20.9,41.6,40,31,42
2016-04-26 10:53:53,20.9,41.9,40,31,42
2016-04-26 10:54:23,20.9,41.9,40,31,42
2016-04-26 10:54:52,20.9,42.0,40,31,42
2016-04-26 10:55:21,21.0,42.0,40,31,42
2016-04-26 10:55:51,21.0,44.0,40,31,32
2016-04-26 10:56:21,21.0,42.8,40,31,42
2016-04-26 10:56:51,21.0,42.7,40,31,42
2016-04-26 10:57:21,21.0,42.5,40,31,42
2016-04-26 10:57:52,21.1,42.8,40,31,42
2016-04-26 10:58:24,21.1,42.6,40,31,42
2016-04-26 10:58:52,21.1,42.8,40,31,42
2016-04-26 10:59:22,21.1,44.3,40,31,32
2016-04-26 10:59:52,21.2,43.3,40,31,42
2016-04-26 11:00:24,21.2,43.4,40,31,42
2016-04-26 11:00:52,21.2,43.1,40,31,42
2016-04-26 11:01:22,21.2,43.1,40,31,42
2016-04-26 11:01:52,21.2,42.9,40,31,42
2016-04-26 11:02:22,21.2,43.1,40,31,42
2016-04-26 11:02:52,21.2,45.6,40,31,32
2016-04-26 11:03:22,21.2,44.5,40,31,42
2016-04-26 11:03:52,21.2,43.9,40,31,42
2016-04-26 11:04:22,21.2,43.6,40,31,42
2016-04-26 11:04:52,21.3,43.9,40,31,42
2016-04-26 11:05:26,21.3,43.2,40,31,42
2016-04-26 11:05:52,21.3,43.3,40,31,42
2016-04-26 11:06:22,21.3,45.5,40,31,32
2016-04-26 11:06:56,21.2,42.5,40,41,42
2016-04-26 11:07:22,21.0,40.4,40,31,42
2016-04-26 11:07:52,20.9,40.5,40,31,42
2016-04-26 11:08:24,20.9,40.4,40,31,42
2016-04-26 11:08:52,20.9,40.7,40,31,42
2016-04-26 11:09:22,20.9,40.5,40,31,42
2016-04-26 11:09:52,21.0,43.1,40,31,32
2016-04-26 11:10:22,21.0,42.3,40,31,42
2016-04-26 11:10:52,21.0,41.8,40,31,42
2016-04-26 11:11:22,21.0,41.8,40,31,42
2016-04-26 11:11:52,21.0,41.8,40,31,42
2016-04-26 11:12:22,21.0,41.8,40,31,42
2016-04-26 11:12:52,21.1,42.4,40,31,42
2016-04-26 11:13:22,21.1,43.9,40,31,32
2016-04-26 11:13:54,21.1,43.3,40,31,42
2016-04-26 11:14:22,21.2,42.8,40,31,42
2016-04-26 11:14:52,21.2,42.9,40,31,42
2016-04-26 11:15:22,21.2,42.7,40,31,42
2016-04-26 11:15:54,21.2,42.9,40,31,42
2016-04-26 11:16:24,21.2,42.9,40,31,42
2016-04-26 11:16:52,21.3,45.4,40,31,32
2016-04-26 11:17:22,21.3,43.8,40,31,42
2016-04-26 11:17:52,21.3,43.5,40,31,42
2016-04-26 11:18:22,21.3,43.8,40,31,42
2016-04-26 11:18:58,21.3,42.0,40,31,42
2016-04-26 11:19:22,21.3,43.5,40,31,42
2016-04-26 11:19:54,21.3,43.8,40,31,42
2016-04-26 11:20:22,21.4,43.8,40,31,32
2016-04-26 11:20:52,21.4,44.5,40,31,42
2016-04-26 11:21:22,21.4,42.5,40,31,42
2016-04-26 11:21:52,21.4,43.4,40,31,42
2016-04-26 11:22:24,21.4,42.0,40,31,42
2016-04-26 11:22:54,21.4,43.9,40,31,42
2016-04-26 11:23:24,21.4,43.8,40,31,42
2016-04-26 11:23:54,21.5,45.9,40,31,32
2016-04-26 11:24:22,21.4,42.8,40,31,42
2016-04-26 11:24:52,21.5,44.1,40,31,42
2016-04-26 11:25:26,21.3,42.0,40,41,42
2016-04-26 11:25:58,21.1,40.0,40,31,42
2016-04-26 11:26:22,21.0,39.0,40,31,42
2016-04-26 11:26:58,21.0,40.6,40,31,42
2016-04-26 11:27:22,21.0,41.3,40,31,32
2016-04-26 11:27:52,21.0,41.1,40,31,42
2016-04-26 11:28:22,21.1,41.4,40,31,42
2016-04-26 11:28:53,21.1,41.5,40,31,42
2016-04-26 11:29:26,21.1,40.8,40,31,42
2016-04-26 11:29:52,21.2,42.3,40,31,42
2016-04-26 11:30:25,21.2,41.0,40,31,42
2016-04-26 11:30:53,21.2,43.3,40,31,32
2016-04-26 11:31:23,21.3,43.9,40,31,42
2016-04-26 11:31:53,21.3,43.8,40,31,42
2016-04-26 11:32:23,21.3,43.5,40,31,42
2016-04-26 11:32:53,21.3,43.3,40,31,42
2016-04-26 11:33:23,21.3,42.8,40,31,42
2016-04-26 11:33:53,21.3,42.9,40,31,42
2016-04-26 11:34:23,21.4,45.3,40,31,32
2016-04-26 11:34:53,21.4,44.0,40,31,42
2016-04-26 11:35:23,21.4,43.6,40,31,42
2016-04-26 11:35:53,21.4,43.7,40,31,42
2016-04-26 11:36:23,21.4,43.3,40,31,42
2016-04-26 11:36:53,21.4,43.7,40,31,42
2016-04-26 11:37:23,21.4,43.4,40,31,42
2016-04-26 11:37:53,21.5,45.8,40,31,32
2016-04-26 11:38:23,21.5,44.2,40,31,42
2016-04-26 11:38:53,21.5,44.3,40,31,42
2016-04-26 11:39:23,21.5,43.6,40,31,42
2016-04-26 11:39:53,21.5,44.0,40,31,42
2016-04-26 11:40:27,21.5,44.0,40,31,42
2016-04-26 11:40:53,21.5,43.6,40,31,42
2016-04-26 11:41:23,21.5,45.3,40,31,32
2016-04-26 11:41:55,21.6,44.4,40,31,42
2016-04-26 11:42:23,21.6,44.2,40,31,42
2016-04-26 11:42:53,21.5,44.1,40,31,42
2016-04-26 11:43:23,21.6,44.0,40,31,42
2016-04-26 11:43:53,21.5,43.3,40,41,42
2016-04-26 11:44:27,21.3,40.9,40,31,42
2016-04-26 11:44:53,21.2,42.9,40,31,32
2016-04-26 11:45:23,21.2,41.7,40,31,42
2016-04-26 11:45:53,21.2,41.6,40,31,42
2016-04-26 11:46:23,21.2,41.9,40,31,42
2016-04-26 11:46:53,21.2,42.0,40,31,42
2016-04-26 11:47:23,21.3,42.6,40,31,42
2016-04-26 11:47:53,21.3,42.4,40,31,42
2016-04-26 11:48:25,21.3,44.5,40,31,32
2016-04-26 11:48:53,21.3,43.7,40,31,42
2016-04-26 11:49:23,21.4,43.8,40,31,42
2016-04-26 11:49:53,21.4,43.3,40,31,42
2016-04-26 11:50:23,21.4,42.9,40,31,42
2016-04-26 11:50:53,21.4,42.5,40,31,42
2016-04-26 11:51:23,21.4,43.1,40,31,42
2016-04-26 11:51:53,21.5,44.8,40,31,32
2016-04-26 11:52:23,21.5,43.5,40,31,42
2016-04-26 11:52:53,21.5,43.4,40,31,42
2016-04-26 11:53:23,21.5,43.7,40,31,42
2016-04-26 11:53:53,21.5,44.0,40,31,42
2016-04-26 11:54:23,21.5,43.6,40,31,42
2016-04-26 11:54:53,21.5,43.8,40,31,42
2016-04-26 11:55:23,21.6,45.8,40,31,32
2016-04-26 11:55:53,21.6,44.5,40,31,42
2016-04-26 11:56:23,21.6,44.0,40,31,42
2016-04-26 11:56:53,21.6,44.3,40,31,42
2016-04-26 11:57:25,21.6,44.3,40,31,42
2016-04-26 11:57:53,21.6,44.1,40,31,42
2016-04-26 11:58:23,21.6,44.0,40,31,42
2016-04-26 11:58:55,21.6,45.9,40,31,32
2016-04-26 11:59:23,21.6,44.6,40,31,42
2016-04-26 11:59:55,21.6,44.5,40,31,42
2016-04-26 12:00:23,21.7,44.6,40,31,42
2016-04-26 12:00:51,21.7,44.5,40,31,42
2016-04-26 12:01:23,21.6,44.4,40,31,42
2016-04-26 12:01:51,21.6,43.8,40,31,42
2016-04-26 12:02:21,21.6,44.0,40,41,32
2016-04-26 12:02:52,21.4,40.2,40,31,42
2016-04-26 12:03:22,21.3,40.3,40,31,42
2016-04-26 12:03:52,21.3,40.2,40,31,42
2016-04-26 12:04:22,21.3,40.4,40,31,42
2016-04-26 12:04:52,21.3,41.0,40,31,42
2016-04-26 12:05:24,21.3,41.3,40,31,42
2016-04-26 12:05:52,21.3,43.4,40,31,32
2016-04-26 12:06:22,21.4,42.6,40,31,42
2016-04-26 12:06:52,21.4,42.2,40,31,42
2016-04-26 12:07:22,21.4,42.3,40,31,42
2016-04-26 12:07:52,21.4,42.5,40,31,42
2016-04-26 12:08:22,21.4,42.2,40,31,42
2016-04-26 12:08:52,21.5,41.0,40,31,42
2016-04-26 12:09:22,21.5,44.4,40,31,32
2016-04-26 12:09:52,21.5,43.7,40,31,42
2016-04-26 12:10:22,21.5,43.4,40,31,42
2016-04-26 12:10:52,21.5,43.2,40,31,42
2016-04-26 12:11:22,21.6,43.1,40,31,42
2016-04-26 12:11:54,21.6,42.8,40,31,42
2016-04-26 12:12:22,21.6,42.9,40,31,42
2016-04-26 12:12:52,21.6,45.1,40,31,32
2016-04-26 12:13:22,21.6,44.0,40,31,42
2016-04-26 12:13:52,21.6,43.7,40,31,42
2016-04-26 12:14:22,21.6,43.5,40,31,42
2016-04-26 12:14:52,21.7,43.8,40,31,42
2016-04-26 12:15:22,21.7,43.8,40,31,42
2016-04-26 12:15:52,21.6,43.4,40,31,42
2016-04-26 12:16:22,21.7,46.6,40,31,32
2016-04-26 12:16:52,21.7,44.6,40,31,42
2016-04-26 12:17:22,21.7,44.2,40,31,42
2016-04-26 12:17:52,21.7,43.9,40,31,42
2016-04-26 12:18:26,21.7,44.1,40,31,42
2016-04-26 12:18:52,21.7,43.9,40,31,42
2016-04-26 12:19:22,21.7,44.3,40,31,42
2016-04-26 12:19:52,21.7,46.1,40,31,32
2016-04-26 12:20:22,21.7,44.9,40,31,42
2016-04-26 12:20:52,21.7,43.7,40,41,42
2016-04-26 12:21:22,21.5,41.1,40,31,42
2016-04-26 12:21:52,21.4,40.8,40,31,42
2016-04-26 12:22:24,21.4,40.6,40,31,42
2016-04-26 12:22:52,21.4,40.7,40,31,42
2016-04-26 12:23:26,21.4,44.0,40,31,32
2016-04-26 12:23:52,21.4,42.7,40,31,42
2016-04-26 12:24:22,21.4,42.3,40,31,42
2016-04-26 12:24:52,21.5,42.9,40,31,42
2016-04-26 12:25:24,21.5,42.5,40,31,42
2016-04-26 12:25:52,21.5,42.9,40,31,42
2016-04-26 12:26:22,21.5,42.8,40,31,42
2016-04-26 12:26:52,21.5,45.1,40,31,32
2016-04-26 12:27:22,21.6,44.4,40,31,42
2016-04-26 12:27:52,21.6,44.0,40,31,42
2016-04-26 12:28:22,21.6,43.1,40,31,42
2016-04-26 12:28:52,21.6,43.2,40,31,42
2016-04-26 12:29:22,21.6,43.4,40,31,42
2016-04-26 12:29:52,21.6,43.4,40,31,42
2016-04-26 12:30:22,21.6,45.1,40,31,32
2016-04-26 12:30:52,21.7,44.3,40,31,42
2016-04-26 12:31:24,21.6,43.4,40,31,42
2016-04-26 12:31:52,21.7,43.8,40,31,42
2016-04-26 12:32:22,21.7,43.4,40,31,42
2016-04-26 12:32:52,21.7,43.7,40,31,42
2016-04-26 12:33:24,21.7,43.5,40,31,42
2016-04-26 12:33:52,21.7,45.0,40,31,32
2016-04-26 12:34:23,21.7,44.1,40,31,42
2016-04-26 12:34:52,21.8,43.5,40,31,42
2016-04-26 12:35:22,21.7,43.8,40,31,42
2016-04-26 12:35:53,21.7,43.5,40,31,42
2016-04-26 12:36:23,21.7,43.9,40,31,42
2016-04-26 12:36:53,21.7,43.8,40,31,42
2016-04-26 12:37:25,21.8,45.9,40,31,32
2016-04-26 12:37:53,21.8,44.3,40,31,42
2016-04-26 12:38:23,21.8,44.2,40,31,42
2016-04-26 12:38:53,21.8,44.2,40,31,42
2016-04-26 12:39:23,21.7,43.0,40,41,42
2016-04-26 12:39:53,21.5,40.8,40,31,42
2016-04-26 12:40:23,21.4,40.8,40,31,42
2016-04-26 12:40:53,21.4,43.5,40,31,32
2016-04-26 12:41:23,21.5,42.3,40,31,42
2016-04-26 12:41:53,21.4,42.0,40,31,42
2016-04-26 12:42:23,21.4,41.9,40,31,42
2016-04-26 12:42:53,21.5,40.0,40,31,42
2016-04-26 12:43:23,21.5,41.7,40,31,42
2016-04-26 12:43:53,21.5,42.0,40,31,42
2016-04-26 12:44:23,21.6,44.7,40,31,32
2016-04-26 12:44:53,21.6,43.3,40,31,42
2016-04-26 12:45:23,21.6,43.0,40,31,42
2016-04-26 12:45:53,21.6,43.0,40,31,42
2016-04-26 12:46:23,21.6,43.1,40,31,42
2016-04-26 12:46:53,21.6,43.1,40,31,42
2016-04-26 12:47:25,21.6,43.0,40,31,42
2016-04-26 12:47:53,21.7,44.9,40,31,32
2016-04-26 12:48:23,21.7,43.4,40,31,42
2016-04-26 12:48:53,21.7,43.1,40,31,42
2016-04-26 12:49:23,21.7,43.3,40,31,42
2016-04-26 12:49:53,21.7,43.5,40,31,42
2016-04-26 12:50:23,21.7,43.5,40,31,42
2016-04-26 12:50:53,21.7,43.5,40,31,42
2016-04-26 12:51:23,21.7,45.2,40,31,32
2016-04-26 12:51:53,21.8,43.8,40,31,42
2016-04-26 12:52:23,21.8,43.8,40,31,42
2016-04-26 12:52:53,21.8,43.6,40,31,42
2016-04-26 12:53:23,21.8,43.5,40,31,42
2016-04-26 12:53:53,21.8,43.4,40,31,42
2016-04-26 12:54:23,21.8,43.5,40,31,42
2016-04-26 12:54:53,21.8,46.5,40,31,32
2016-04-26 12:55:23,21.8,44.8,40,31,42
2016-04-26 12:55:53,21.8,44.4,40,31,42
2016-04-26 12:56:23,21.8,44.5,40,31,42
2016-04-26 12:56:53,21.8,44.2,40,31,42
2016-04-26 12:57:23,21.8,44.3,40,31,42
2016-04-26 12:57:53,21.7,42.9,40,41,42
2016-04-26 12:58:23,21.6,42.1,40,31,32
2016-04-26 12:58:53,21.5,41.3,40,31,42
2016-04-26 12:59:23,21.5,40.8,40,31,42
2016-04-26 12:59:55,21.5,40.9,40,31,42
2016-04-26 13:00:23,21.5,41.1,40,31,42
2016-04-26 13:00:53,21.5,41.5,40,31,42
2016-04-26 13:01:23,21.5,41.7,40,31,42
2016-04-26 13:01:55,21.6,44.4,40,31,32
2016-04-26 13:02:23,21.6,42.9,40,31,42
2016-04-26 13:02:53,21.6,42.5,40,31,42
2016-04-26 13:03:23,21.6,42.2,40,31,42
2016-04-26 13:03:53,21.6,42.0,40,31,42
2016-04-26 13:04:23,21.6,42.1,40,31,42
2016-04-26 13:04:55,21.6,42.3,40,31,42
2016-04-26 13:05:23,21.7,44.0,40,31,32
2016-04-26 13:05:55,21.7,43.4,40,31,42
2016-04-26 13:06:21,21.7,43.1,40,31,42
2016-04-26 13:06:51,21.7,43.2,40,31,42
2016-04-26 13:07:21,21.7,42.6,40,31,42
2016-04-26 13:07:52,21.7,42.8,40,31,42
2016-04-26 13:08:23,21.7,42.8,40,31,42
2016-04-26 13:08:52,21.8,44.6,40,31,32
2016-04-26 13:09:22,21.8,44.1,40,31,42
2016-04-26 13:09:54,21.8,43.3,40,31,42
2016-04-26 13:10:22,21.8,43.3,40,31,42
2016-04-26 13:10:54,21.8,43.5,40,31,42
2016-04-26 13:11:22,21.8,43.3,40,31,42
2016-04-26 13:11:52,21.8,43.6,40,31,42
2016-04-26 13:12:22,21.8,45.8,40,31,32
2016-04-26 13:12:52,21.9,44.9,40,31,42
2016-04-26 13:13:22,21.9,44.0,40,31,42
2016-04-26 13:13:52,21.8,43.9,40,31,42
2016-04-26 13:14:22,21.9,43.7,40,31,42
2016-04-26 13:14:52,21.9,43.8,40,31,42
2016-04-26 13:15:22,21.9,43.9,40,31,42
2016-04-26 13:15:52,21.9,45.6,40,31,32
2016-04-26 13:16:22,21.7,42.9,40,41,42
2016-04-26 13:16:52,21.5,40.7,40,31,42
2016-04-26 13:17:28,21.4,40.4,40,31,42
2016-04-26 13:17:52,21.4,40.5,40,31,42
2016-04-26 13:18:22,21.4,40.7,40,31,42
2016-04-26 13:18:52,21.4,41.0,40,31,42
2016-04-26 13:19:22,21.5,43.7,40,31,32
2016-04-26 13:19:52,21.5,42.3,40,31,42
2016-04-26 13:20:22,21.5,42.2,40,31,42
2016-04-26 13:20:52,21.5,42.2,40,31,42
2016-04-26 13:21:22,21.6,42.2,40,31,42
2016-04-26 13:21:52,21.6,41.7,40,31,42
2016-04-26 13:22:22,21.6,42.5,40,31,42
2016-04-26 13:22:52,21.7,44.7,40,31,32
2016-04-26 13:23:22,21.6,43.3,40,31,42
2016-04-26 13:23:52,21.7,43.2,40,31,42
2016-04-26 13:24:22,21.7,42.6,40,31,42
2016-04-26 13:24:52,21.7,42.5,40,31,42
2016-04-26 13:25:22,21.7,43.0,40,31,42
2016-04-26 13:25:52,21.8,42.7,40,31,42
2016-04-26 13:26:22,21.8,44.5,40,31,32
2016-04-26 13:26:52,21.8,44.0,40,31,42
2016-04-26 13:27:22,21.8,43.6,40,31,42
2016-04-26 13:27:52,21.8,43.8,40,31,42
2016-04-26 13:28:22,21.8,43.4,40,31,42
2016-04-26 13:28:52,21.9,43.3,40,31,42
2016-04-26 13:29:22,21.8,43.0,40,31,42
2016-04-26 13:29:54,21.9,45.2,40,31,32
2016-04-26 13:30:22,21.9,44.2,40,31,42
2016-04-26 13:30:52,21.9,43.8,40,31,42
2016-04-26 13:31:22,21.9,43.5,40,31,42
2016-04-26 13:31:52,21.9,43.7,40,31,42
2016-04-26 13:32:22,21.9,43.5,40,31,42
2016-04-26 13:32:52,21.9,43.8,40,31,42
2016-04-26 13:33:22,22.0,45.6,40,31,32
2016-04-26 13:33:54,22.0,44.5,40,31,42
2016-04-26 13:34:24,22.0,44.1,40,31,42
2016-04-26 13:34:52,21.9,42.5,40,41,42
2016-04-26 13:35:22,21.6,39.9,40,31,42
2016-04-26 13:35:52,21.6,40.3,40,31,42
2016-04-26 13:36:22,21.6,40.9,40,31,42
2016-04-26 13:36:52,21.6,43.5,40,31,32
2016-04-26 13:37:22,21.6,42.7,40,31,42
2016-04-26 13:37:52,21.7,43.1,40,31,42
2016-04-26 13:38:22,21.7,42.4,40,31,42
2016-04-26 13:38:52,21.6,41.9,40,31,42
2016-04-26 13:39:24,21.7,42.3,40,31,42
2016-04-26 13:39:52,21.7,41.8,40,31,42
2016-04-26 13:40:23,21.7,44.5,40,31,32
2016-04-26 13:40:52,21.7,42.9,40,31,42
2016-04-26 13:41:23,21.8,43.2,40,31,42
2016-04-26 13:41:53,21.8,43.0,40,31,42
2016-04-26 13:42:23,21.8,43.1,40,31,42
2016-04-26 13:42:53,21.8,43.0,40,31,42
2016-04-26 13:43:23,21.8,43.2,40,31,42
2016-04-26 13:43:53,21.9,44.8,40,31,32
2016-04-26 13:44:23,21.9,44.0,40,31,42
2016-04-26 13:44:55,21.9,43.5,40,31,42
2016-04-26 13:45:23,21.9,43.4,40,31,42
2016-04-26 13:45:53,21.9,43.9,40,31,42
2016-04-26 13:46:23,21.9,43.9,40,31,42
2016-04-26 13:46:53,21.9,43.3,40,31,42
2016-04-26 13:47:23,21.9,45.6,40,31,32
2016-04-26 13:47:53,22.0,44.1,40,31,42
2016-04-26 13:48:23,22.0,44.3,40,31,42
2016-04-26 13:48:53,22.0,44.0,40,31,42
2016-04-26 13:49:23,22.0,44.0,40,31,42
2016-04-26 13:49:53,22.0,44.3,40,31,42
2016-04-26 13:50:23,22.0,43.8,40,31,42
2016-04-26 13:50:53,22.0,46.3,40,31,32
2016-04-26 13:51:25,22.0,45.1,40,31,42
2016-04-26 13:51:53,22.0,44.4,40,31,42
2016-04-26 13:52:23,22.0,44.3,40,31,42
2016-04-26 13:52:53,22.0,44.2,40,31,42
2016-04-26 13:53:23,21.9,42.4,40,41,42
2016-04-26 13:53:53,21.7,40.1,40,31,42
2016-04-26 13:54:23,21.6,42.9,40,31,32
2016-04-26 13:54:53,21.7,41.6,40,31,42
2016-04-26 13:55:23,21.6,41.4,40,31,42
2016-04-26 13:55:53,21.6,41.5,40,31,42
2016-04-26 13:56:23,21.6,41.4,40,31,42
2016-04-26 13:56:53,21.6,41.7,40,31,42
2016-04-26 13:57:23,21.6,41.7,40,31,42
2016-04-26 13:57:53,21.7,44.0,40,31,32
2016-04-26 13:58:23,21.7,42.7,40,31,42
2016-04-26 13:58:53,21.7,42.1,40,31,42
2016-04-26 13:59:23,21.7,42.4,40,31,42
2016-04-26 13:59:53,21.8,42.6,40,31,42
2016-04-26 14:00:23,21.8,42.4,40,31,42
2016-04-26 14:00:55,21.8,42.7,40,31,42
2016-04-26 14:01:23,21.9,44.9,40,31,32
2016-04-26 14:01:53,21.9,43.9,40,31,42
2016-04-26 14:02:23,21.9,43.4,40,31,42
2016-04-26 14:02:53,21.9,43.0,40,31,42
2016-04-26 14:03:23,21.9,42.9,40,31,42
2016-04-26 14:03:53,21.9,42.8,40,31,42
2016-04-26 14:04:23,21.9,43.1,40,31,42
2016-04-26 14:04:53,22.0,45.4,40,31,32
2016-04-26 14:05:23,22.0,43.9,40,31,42
2016-04-26 14:05:53,22.0,43.1,40,31,42
2016-04-26 14:06:23,22.0,43.1,40,31,42
2016-04-26 14:06:53,22.0,42.7,40,31,42
2016-04-26 14:07:23,22.0,42.7,40,31,42
2016-04-26 14:07:53,22.0,43.1,40,31,42
2016-04-26 14:08:23,22.0,44.8,40,31,32
2016-04-26 14:08:53,22.0,44.4,40,31,42
2016-04-26 14:09:23,22.0,43.4,40,31,42
2016-04-26 14:09:53,22.0,43.4,40,31,42
2016-04-26 14:10:23,22.0,43.4,40,31,42
2016-04-26 14:10:53,22.0,43.2,40,31,42
2016-04-26 14:11:23,22.0,43.1,40,31,42
2016-04-26 14:11:51,22.0,42.4,40,41,32
2016-04-26 14:12:21,21.8,39.8,40,31,42
2016-04-26 14:12:51,21.7,39.5,40,31,42
2016-04-26 14:13:22,21.7,39.4,40,31,42
2016-04-26 14:13:52,21.6,39.5,40,31,42
2016-04-26 14:14:22,21.6,39.6,40,31,42
2016-04-26 14:14:52,21.6,39.8,40,31,42
2016-04-26 14:15:22,21.7,42.9,40,31,32
2016-04-26 14:15:52,21.7,41.4,40,31,42
2016-04-26 14:16:22,21.7,41.5,40,31,42
2016-04-26 14:16:56,21.7,41.9,40,31,42
2016-04-26 14:17:22,21.8,41.3,40,31,42
2016-04-26 14:17:52,21.8,41.5,40,31,42
2016-04-26 14:18:22,21.8,41.4,40,31,42
2016-04-26 14:18:52,21.8,43.6,40,31,32
2016-04-26 14:19:22,21.9,42.8,40,31,42
2016-04-26 14:19:52,21.9,42.5,40,31,42
2016-04-26 14:20:24,21.9,42.5,40,31,42
2016-04-26 14:20:52,21.9,42.7,40,31,42
2016-04-26 14:21:22,21.9,42.6,40,31,42
2016-04-26 14:21:54,21.9,42.1,40,31,42
2016-04-26 14:22:24,22.0,44.7,40,31,32
2016-04-26 14:22:52,22.0,43.3,40,31,42
2016-04-26 14:23:22,22.0,42.5,40,31,42
2016-04-26 14:23:52,22.0,42.5,40,31,42
2016-04-26 14:24:22,22.0,42.7,40,31,42
2016-04-26 14:24:54,22.0,42.4,40,31,42
2016-04-26 14:25:22,22.0,42.8,40,31,42
2016-04-26 14:25:52,22.0,44.4,40,31,32
2016-04-26 14:26:22,22.1,43.2,40,31,42
2016-04-26 14:26:52,22.1,43.0,40,31,42
2016-04-26 14:27:24,22.0,43.3,40,31,42
2016-04-26 14:27:52,22.0,43.2,40,31,42
2016-04-26 14:28:22,22.0,42.9,40,31,42
2016-04-26 14:28:52,22.0,43.1,40,31,42
2016-04-26 14:29:22,22.1,45.1,40,31,32
2016-04-26 14:29:54,22.1,43.7,40,31,42
2016-04-26 14:30:22,22.0,41.3,40,41,42
2016-04-26 14:30:52,21.8,39.3,40,31,42
2016-04-26 14:31:22,21.7,39.8,40,31,42
2016-04-26 14:31:52,21.7,40.0,40,31,42
2016-04-26 14:32:22,21.6,38.6,40,31,42
2016-04-26 14:32:52,21.4,36.8,40,31,32
2016-04-26 14:33:22,21.1,36.0,40,31,42
2016-04-26 14:33:52,20.9,35.8,40,31,42
2016-04-26 14:34:22,20.6,35.1,40,31,42
2016-04-26 14:34:52,20.4,34.6,40,31,42
2016-04-26 14:35:22,20.2,35.0,40,31,42
2016-04-26 14:35:52,20.1,36.0,40,31,42
2016-04-26 14:36:22,20.2,38.8,40,31,32
2016-04-26 14:36:52,20.2,37.7,40,31,42
2016-04-26 14:37:22,20.3,38.1,40,31,42
2016-04-26 14:37:52,20.4,38.2,40,31,42
2016-04-26 14:38:22,20.6,38.3,40,31,42
2016-04-26 14:38:52,20.7,38.7,40,31,42
2016-04-26 14:39:22,20.8,38.8,40,31,42
2016-04-26 14:39:52,21.0,41.1,40,31,32
2016-04-26 14:40:22,21.1,40.7,40,31,42
2016-04-26 14:40:52,21.2,40.4,40,31,42
2016-04-26 14:41:22,21.2,39.9,40,31,42
2016-04-26 14:41:52,21.3,40.0,40,31,42
2016-04-26 14:42:22,21.4,40.0,40,31,42
2016-04-26 14:42:52,21.5,39.8,40,31,42
2016-04-26 14:43:22,21.6,41.3,40,31,32
2016-04-26 14:43:52,21.6,41.4,40,31,42
2016-04-26 14:44:22,21.7,41.0,40,31,42
2016-04-26 14:44:52,21.7,40.9,40,31,42
2016-04-26 14:45:23,21.7,40.7,40,31,42
2016-04-26 14:45:52,21.8,40.7,40,31,42
2016-04-26 14:46:23,21.8,40.9,40,31,42
2016-04-26 14:46:53,21.9,43.0,40,31,32
2016-04-26 14:47:23,21.9,41.7,40,31,42
2016-04-26 14:47:53,21.9,41.3,40,31,42
2016-04-26 14:48:23,21.9,41.1,40,31,42
2016-04-26 14:48:53,21.9,40.1,40,41,42
2016-04-26 14:49:25,21.8,38.7,40,31,42
2016-04-26 14:49:53,21.7,38.7,40,31,42
2016-04-26 14:50:23,21.8,40.2,40,31,32
2016-04-26 14:50:53,21.8,39.9,40,31,42
2016-04-26 14:51:23,21.8,39.6,40,31,42
2016-04-26 14:51:53,21.8,39.8,40,31,42
2016-04-26 14:52:29,21.8,40.0,40,31,42
2016-04-26 14:52:53,21.9,40.4,40,31,42
2016-04-26 14:53:23,21.9,39.9,40,31,42
2016-04-26 14:53:53,21.9,42.1,40,31,32
2016-04-26 14:54:23,22.0,41.3,40,31,42
2016-04-26 14:54:53,22.0,41.1,40,31,42
2016-04-26 14:55:23,22.0,41.0,40,31,42
2016-04-26 14:55:53,22.0,40.7,40,31,42
2016-04-26 14:56:23,22.0,41.1,40,31,42
2016-04-26 14:56:53,22.1,41.2,40,31,42
2016-04-26 14:57:23,22.1,43.7,40,31,32
2016-04-26 14:57:53,22.2,42.2,40,31,42
2016-04-26 14:58:23,22.2,41.8,40,31,42
2016-04-26 14:58:53,22.2,41.6,40,31,42
2016-04-26 14:59:23,22.2,41.3,40,31,42
2016-04-26 14:59:53,22.2,41.5,40,31,42
2016-04-26 15:00:23,22.2,41.7,40,31,42
2016-04-26 15:00:55,22.3,43.7,40,31,32
2016-04-26 15:01:23,22.3,42.2,40,31,42
2016-04-26 15:01:53,22.3,42.3,40,31,42
2016-04-26 15:02:23,22.3,42.5,40,31,42
2016-04-26 15:02:53,22.3,42.0,40,31,42
2016-04-26 15:03:23,22.3,42.2,40,31,42
2016-04-26 15:03:55,22.3,42.1,40,31,42
2016-04-26 15:04:23,22.4,44.0,40,31,32
2016-04-26 15:04:53,22.4,43.5,40,31,42
2016-04-26 15:05:23,22.4,42.9,40,31,42
2016-04-26 15:05:55,22.4,42.7,40,31,42
2016-04-26 15:06:23,22.4,42.6,40,31,42
2016-04-26 15:06:55,22.4,42.5,40,31,42
2016-04-26 15:07:23,22.3,40.8,40,41,42
2016-04-26 15:07:53,22.2,39.9,40,31,32
2016-04-26 15:08:25,22.1,38.8,40,31,42
2016-04-26 15:08:53,22.0,39.2,40,31,42
2016-04-26 15:09:23,22.0,38.9,40,31,42
2016-04-26 15:09:53,21.9,37.4,40,31,42
2016-04-26 15:10:23,21.6,35.6,40,31,42
2016-04-26 15:10:53,21.3,35.3,40,31,42
2016-04-26 15:11:23,21.1,35.4,40,31,32
2016-04-26 15:11:53,20.9,35.1,40,31,42
2016-04-26 15:12:23,20.7,35.6,40,31,42
2016-04-26 15:12:53,20.7,36.0,40,31,42
2016-04-26 15:13:23,20.8,36.4,40,31,42
2016-04-26 15:13:53,20.8,36.9,40,31,42
2016-04-26 15:14:23,20.9,37.2,40,31,42
2016-04-26 15:14:53,21.0,39.4,40,31,32
2016-04-26 15:15:21,21.1,38.6,40,31,42
2016-04-26 15:15:53,21.2,38.5,40,31,42
2016-04-26 15:16:21,21.3,38.0,40,31,42
2016-04-26 15:16:51,21.4,38.6,40,31,42
2016-04-26 15:17:21,21.5,38.4,40,31,42
2016-04-26 15:17:51,21.6,38.7,40,31,42
2016-04-26 15:18:21,21.7,40.4,40,31,32
2016-04-26 15:18:52,21.8,39.4,40,31,42
2016-04-26 15:19:22,21.8,39.3,40,31,42
2016-04-26 15:19:52,21.9,39.2,40,31,42
2016-04-26 15:20:22,21.9,39.6,40,31,42
2016-04-26 15:20:56,22.0,39.2,40,31,42
2016-04-26 15:21:22,22.0,39.4,40,31,42
2016-04-26 15:21:52,22.1,41.6,40,31,32
2016-04-26 15:22:22,22.2,40.1,40,31,42
2016-04-26 15:22:52,22.2,40.1,40,31,42
2016-04-26 15:23:22,22.2,39.8,40,31,42
2016-04-26 15:23:52,22.2,40.0,40,31,42
2016-04-26 15:24:22,22.2,40.0,40,31,42
2016-04-26 15:24:52,22.2,39.6,40,31,42
2016-04-26 15:25:24,22.3,42.7,40,31,32
2016-04-26 15:25:52,22.3,39.6,40,41,42
2016-04-26 15:26:30,22.2,38.5,40,31,42
2016-04-26 15:26:52,22.2,38.1,40,31,42
2016-04-26 15:27:24,22.1,38.3,40,31,42
2016-04-26 15:27:52,22.1,38.6,40,31,42
2016-04-26 15:28:22,22.1,38.5,40,31,42
2016-04-26 15:28:52,22.2,40.4,40,31,32
2016-04-26 15:29:22,22.2,39.9,40,31,42
2016-04-26 15:29:52,22.2,39.8,40,31,42
2016-04-26 15:30:22,22.2,39.5,40,31,42
2016-04-26 15:30:52,22.2,39.5,40,31,42
2016-04-26 15:31:24,22.3,39.9,40,31,42
2016-04-26 15:31:52,22.3,39.7,40,31,42
2016-04-26 15:32:22,22.3,41.7,40,31,32
2016-04-26 15:32:54,22.4,40.6,40,31,42
2016-04-26 15:33:22,22.4,40.9,40,31,42
2016-04-26 15:33:56,22.4,40.6,40,31,42
2016-04-26 15:34:22,22.4,41.1,40,31,42
2016-04-26 15:34:52,22.4,41.2,40,31,42
2016-04-26 15:35:22,22.4,41.1,40,31,42
2016-04-26 15:35:52,22.5,43.4,40,31,32
2016-04-26 15:36:22,22.5,42.1,40,31,42
2016-04-26 15:36:52,22.5,42.1,40,31,42
2016-04-26 15:37:22,22.5,41.9,40,31,42
2016-04-26 15:37:52,22.5,41.9,40,31,42
2016-04-26 15:38:22,22.5,42.1,40,31,42
2016-04-26 15:38:52,22.5,41.5,40,31,42
2016-04-26 15:39:24,22.6,43.3,40,31,32
2016-04-26 15:39:52,22.6,42.0,40,31,42
2016-04-26 15:40:22,22.6,42.4,40,31,42
2016-04-26 15:40:52,22.6,41.9,40,31,42
2016-04-26 15:41:22,22.6,41.6,40,31,42
2016-04-26 15:41:52,22.6,41.9,40,31,42
2016-04-26 15:42:22,22.6,42.3,40,31,42
2016-04-26 15:42:52,22.7,43.9,40,31,32
2016-04-26 15:43:22,22.7,42.5,40,31,42
2016-04-26 15:43:52,22.7,42.7,40,31,42
2016-04-26 15:44:28,22.5,38.4,40,41,42
2016-04-26 15:44:52,22.4,38.4,40,31,42
2016-04-26 15:45:22,22.3,38.9,40,31,42
2016-04-26 15:45:52,22.2,39.1,40,31,42
2016-04-26 15:46:22,22.3,41.6,40,31,32
2016-04-26 15:46:52,22.3,40.2,40,31,42
2016-04-26 15:47:22,22.3,40.5,40,31,42
2016-04-26 15:47:52,22.3,39.3,40,31,42
2016-04-26 15:48:22,22.3,40.5,40,31,42
2016-04-26 15:48:52,22.3,41.2,40,31,42
2016-04-26 15:49:22,22.3,40.8,40,31,42
2016-04-26 15:49:52,22.4,40.7,40,31,32
2016-04-26 15:50:22,22.4,40.6,40,31,42
2016-04-26 15:50:54,22.4,40.8,40,31,42
2016-04-26 15:51:23,22.4,41.3,40,31,42
2016-04-26 15:51:53,22.5,41.2,40,31,42
2016-04-26 15:52:23,22.5,41.7,40,31,42
2016-04-26 15:52:53,22.4,41.6,40,31,42
2016-04-26 15:53:23,22.5,43.8,40,31,32
2016-04-26 15:53:53,22.6,42.6,40,31,42
2016-04-26 15:54:23,22.6,42.3,40,31,42
2016-04-26 15:54:53,22.6,42.6,40,31,42
2016-04-26 15:55:23,22.6,42.2,40,31,42
2016-04-26 15:55:53,22.6,42.1,40,31,42
2016-04-26 15:56:23,22.6,42.4,40,31,42
2016-04-26 15:56:53,22.6,44.7,40,31,32
2016-04-26 15:57:23,22.6,43.2,40,31,42
2016-04-26 15:57:53,22.6,42.8,40,31,42
2016-04-26 15:58:27,22.6,42.0,40,31,42
2016-04-26 15:58:53,22.7,43.0,40,31,42
2016-04-26 15:59:23,22.7,43.2,40,31,42
2016-04-26 15:59:53,22.7,43.2,40,31,42
2016-04-26 16:00:23,22.7,45.4,40,31,32
2016-04-26 16:00:53,22.7,43.6,40,31,42
2016-04-26 16:01:25,22.7,43.0,40,31,42
2016-04-26 16:01:53,22.7,42.8,40,31,42
2016-04-26 16:02:25,22.7,43.0,40,31,42
2016-04-26 16:03:23,22.5,39.6,30,31,42
2016-04-26 16:03:51,22.5,38.5,40,31,42
2016-04-26 16:04:23,22.4,38.5,40,31,42
2016-04-26 16:04:51,22.4,39.3,40,31,42
2016-04-26 16:05:21,22.4,41.1,40,31,42
2016-04-26 16:05:51,22.4,40.8,40,31,42
2016-04-26 16:06:21,22.5,43.7,40,31,32
2016-04-26 16:06:51,22.5,40.7,40,31,42
2016-04-26 16:07:21,22.5,42.1,40,31,42
2016-04-26 16:07:51,22.5,42.6,40,31,42
2016-04-26 16:08:21,22.5,40.8,40,31,42
2016-04-26 16:08:53,22.5,40.8,40,31,42
2016-04-26 16:09:33,22.5,40.6,40,31,42
2016-04-26 16:09:55,22.5,43.7,40,31,32
2016-04-26 16:10:25,22.6,41.0,40,31,42
2016-04-26 16:10:54,22.6,41.0,40,31,42
2016-04-26 16:11:24,22.6,42.7,40,31,42
2016-04-26 16:11:52,22.6,42.2,40,31,42
2016-04-26 16:12:26,22.6,43.0,40,31,42
2016-04-26 16:12:52,22.6,43.2,40,31,42
2016-04-26 16:13:22,22.7,44.6,40,31,32
2016-04-26 16:13:52,22.7,43.9,40,31,42
2016-04-26 16:14:24,22.7,43.3,40,31,42
2016-04-26 16:14:52,22.7,42.9,40,31,42
2016-04-26 16:15:22,22.7,43.2,40,31,42
2016-04-26 16:15:52,22.7,43.4,40,31,42
2016-04-26 16:16:23,22.7,43.4,40,31,42
2016-04-26 16:16:53,22.8,45.2,40,31,32
2016-04-26 16:17:23,22.8,43.9,40,31,42
2016-04-26 16:17:53,22.8,43.9,40,31,42
2016-04-26 16:18:23,22.8,43.9,40,31,42
2016-04-26 16:18:53,22.8,43.7,40,31,42
2016-04-26 16:19:25,22.8,43.3,40,31,42
2016-04-26 16:19:55,22.7,42.9,40,31,42
2016-04-26 16:20:23,22.5,38.5,40,31,32
2016-04-26 16:20:53,22.1,38.0,40,31,42
2016-04-26 16:21:23,21.6,38.3,40,41,42
2016-04-26 16:21:53,21.2,37.9,40,31,42
2016-04-26 16:22:23,20.8,38.3,40,31,42
2016-04-26 16:22:53,20.6,38.8,40,31,42
2016-04-26 16:23:23,20.3,39.3,40,31,42
2016-04-26 16:23:51,20.2,39.2,40,31,32
2016-04-26 16:24:21,20.0,39.8,40,31,42
2016-04-26 16:24:51,19.8,40.0,40,31,42
2016-04-26 16:25:21,19.6,39.9,40,31,42
2016-04-26 16:25:53,19.5,39.2,40,31,42
2016-04-26 16:26:21,19.4,38.8,40,31,42
2016-04-26 16:26:51,19.4,38.5,40,31,42
2016-04-26 16:27:21,19.5,40.9,40,31,32
2016-04-26 16:27:51,19.7,39.4,40,31,42
2016-04-26 16:28:21,19.9,39.0,40,31,42
2016-04-26 16:28:51,20.2,39.2,40,31,42
2016-04-26 16:29:21,20.4,39.2,40,31,42
2016-04-26 16:29:51,20.6,39.3,40,31,42
2016-04-26 16:30:21,20.9,39.6,40,31,42
2016-04-26 16:30:51,21.1,41.7,40,31,32
2016-04-26 16:31:21,21.2,40.1,40,31,42
2016-04-26 16:31:51,21.4,39.8,40,31,42
2016-04-26 16:32:21,21.6,39.6,40,31,42
2016-04-26 16:32:51,21.7,39.5,40,31,42
2016-04-26 16:33:25,21.9,39.6,40,31,42
2016-04-26 16:33:51,22.0,39.6,40,31,42
2016-04-26 16:34:23,22.1,40.7,40,31,32
2016-04-26 16:34:51,22.2,39.9,40,31,42
2016-04-26 16:35:21,22.3,39.8,40,31,42
2016-04-26 16:35:53,22.4,39.9,40,31,42
2016-04-26 16:36:21,22.5,39.9,40,31,42
2016-04-26 16:36:51,22.6,39.9,40,31,42
2016-04-26 16:37:25,22.6,39.9,40,31,42
2016-04-26 16:38:12,22.7,39.3,30,31,42
2016-04-26 16:38:40,22.8,40.1,40,31,42
2016-04-26 16:39:12,22.9,40.5,40,31,42
2016-04-26 16:39:40,22.9,40.6,40,31,42
2016-04-26 16:40:10,23.0,40.7,40,31,42
2016-04-26 16:40:40,23.0,39.3,40,31,42
2016-04-26 16:41:10,23.1,42.6,40,31,32
2016-04-26 16:41:40,23.1,41.3,40,31,42
2016-04-26 16:42:10,23.2,41.0,40,31,42
2016-04-26 16:42:40,23.2,41.1,40,31,42
2016-04-26 16:43:10,23.2,41.1,40,31,42
2016-04-26 16:43:42,23.3,41.2,40,31,42
2016-04-26 16:44:10,23.3,41.3,40,31,42
2016-04-26 16:44:40,23.4,42.8,40,31,32
2016-04-26 16:45:10,23.4,40.2,40,31,42
2016-04-26 16:45:42,23.5,40.0,40,31,42
2016-04-26 16:46:10,23.5,41.7,40,31,42
2016-04-26 16:46:40,23.5,41.4,40,31,42
2016-04-26 16:47:12,23.5,41.7,40,31,42
2016-04-26 16:47:40,23.6,42.1,40,31,42
2016-04-26 16:48:10,23.6,43.8,40,31,32
2016-04-26 16:48:40,23.6,41.3,40,31,42
2016-04-26 16:49:12,23.7,42.3,40,31,42
2016-04-26 16:49:40,23.7,42.1,40,31,42
2016-04-26 16:50:10,23.7,41.9,40,31,42
2016-04-26 16:50:40,23.7,41.7,40,31,42
2016-04-26 16:51:12,23.8,41.9,40,31,42
2016-04-26 16:51:40,23.8,43.7,40,31,32
2016-04-26 16:52:10,23.9,42.3,40,31,42
2016-04-26 16:52:40,23.9,42.2,40,31,42
2016-04-26 16:53:10,23.9,42.1,40,31,42
2016-04-26 16:53:40,23.9,42.5,40,31,42
2016-04-26 16:54:51,23.9,42.5,30,31,42
2016-04-26 16:55:19,23.9,42.5,40,31,42
2016-04-26 16:55:51,23.9,40.9,40,31,42
2016-04-26 16:56:19,23.9,42.7,40,31,42
2016-04-26 16:56:55,24.0,43.0,40,31,42
2016-04-26 16:57:19,24.0,41.3,40,31,42
2016-04-26 16:57:51,24.0,45.1,40,31,32
2016-04-26 16:58:19,24.0,39.9,30,31,42
2016-04-26 16:58:50,23.9,41.0,40,31,42
2016-04-26 16:59:19,23.8,40.1,40,31,42
2016-04-26 16:59:50,23.9,40.2,40,31,42
2016-04-26 17:00:20,23.9,40.3,40,31,42
2016-04-26 17:00:52,23.9,40.7,40,31,42
2016-04-26 17:01:20,24.0,43.6,40,31,32
2016-04-26 17:01:50,24.0,42.3,40,31,42
2016-04-26 17:02:20,24.0,40.5,40,31,42
2016-04-26 17:02:52,24.0,38.9,30,31,42
2016-04-26 17:03:22,23.8,40.0,40,31,42
2016-04-26 17:03:50,23.8,40.4,40,31,42
2016-04-26 17:04:26,23.9,41.0,40,31,42
2016-04-26 17:04:52,23.9,43.5,40,31,32
2016-04-26 17:05:24,23.9,41.9,40,31,42
2016-04-26 17:05:50,24.0,42.2,40,31,42
2016-04-26 17:06:20,24.0,41.9,40,31,42
2016-04-26 17:06:50,24.0,41.6,40,31,42
2016-04-26 17:07:20,24.0,40.9,30,31,42
2016-04-26 17:07:50,24.0,41.5,30,31,42
2016-04-26 17:08:20,24.0,40.7,30,31,32
2016-04-26 17:08:50,24.0,40.6,30,31,42
2016-04-26 17:09:20,24.0,40.6,30,31,42
2016-04-26 17:09:50,24.0,40.9,30,31,42
2016-04-26 17:10:20,24.0,41.1,30,31,42
2016-04-26 17:10:50,24.0,41.5,30,31,42
2016-04-26 17:11:20,23.9,40.3,30,31,42
2016-04-26 17:11:52,24.0,42.8,40,31,32
2016-04-26 17:12:20,24.0,41.6,40,31,42
2016-04-26 17:12:52,24.0,41.0,40,31,42
2016-04-26 17:13:20,24.0,41.4,40,31,42
2016-04-26 17:13:50,24.0,41.6,40,31,42
2016-04-26 17:14:20,24.0,41.3,30,31,42
2016-04-26 17:14:50,24.0,41.3,30,31,42
2016-04-26 17:15:20,24.0,42.2,30,41,32
2016-04-26 17:15:50,23.7,38.4,40,31,42
2016-04-26 17:16:20,23.6,38.8,40,31,42
2016-04-26 17:16:52,23.6,39.0,40,31,42
2016-04-26 17:17:20,23.6,38.9,40,31,42
2016-04-26 17:17:50,23.3,36.8,40,41,42
2016-04-26 17:18:20,23.0,36.9,40,31,42
2016-04-26 17:18:50,23.0,39.9,40,31,32
2016-04-26 17:19:20,23.0,37.9,40,31,42
2016-04-26 17:19:50,23.1,39.1,40,31,42
2016-04-26 17:20:20,23.2,39.1,40,31,42
2016-04-26 17:20:50,23.3,39.2,40,31,42
2016-04-26 17:21:20,23.5,39.5,40,31,42
2016-04-26 17:21:50,23.6,39.6,40,31,42
2016-04-26 17:22:24,23.7,41.6,40,31,32
2016-04-26 17:22:50,23.8,40.3,40,31,42
2016-04-26 17:23:20,23.8,40.4,40,31,42
2016-04-26 17:23:50,23.9,40.5,40,31,42
2016-04-26 17:24:20,24.0,40.4,40,31,42
2016-04-26 17:24:52,24.0,40.5,40,31,42
2016-04-26 17:25:20,24.1,39.5,30,41,42
2016-04-26 17:25:50,23.9,39.6,40,31,32
2016-04-26 17:26:20,23.8,39.4,40,31,42
2016-04-26 17:26:50,23.8,39.3,40,31,42
2016-04-26 17:27:20,23.9,39.5,40,31,42
2016-04-26 17:27:50,24.0,39.7,40,31,42
2016-04-26 17:28:20,24.0,40.3,40,31,42
2016-04-26 17:28:50,24.0,40.2,40,31,42
2016-04-26 17:29:22,24.0,40.9,30,41,32
2016-04-26 17:29:50,23.9,38.8,40,31,42
2016-04-26 17:30:20,23.8,38.8,40,31,42
2016-04-26 17:30:50,23.9,38.9,40,31,42
2016-04-26 17:31:20,23.9,39.0,40,31,42
2016-04-26 17:31:50,23.9,38.2,40,31,42
2016-04-26 17:32:20,24.0,39.4,40,31,42
2016-04-26 17:32:51,24.1,42.0,30,41,32
2016-04-26 17:33:21,23.9,38.8,40,31,42
2016-04-26 17:33:51,23.9,38.6,40,31,42
2016-04-26 17:34:21,23.9,38.9,40,31,42
2016-04-26 17:34:51,23.9,39.1,40,31,42
2016-04-26 17:35:21,24.0,39.3,40,31,42
2016-04-26 17:35:51,24.0,39.5,40,31,42
2016-04-26 17:36:21,24.0,40.1,30,31,32
2016-04-26 17:36:51,23.8,37.9,40,31,42
2016-04-26 17:37:21,23.8,38.2,40,31,42
2016-04-26 17:37:51,23.8,38.5,40,31,42
2016-04-26 17:38:21,23.6,36.3,40,41,42
2016-04-26 17:38:51,23.2,36.1,40,31,42
2016-04-26 17:39:21,23.2,37.0,40,31,42
2016-04-26 17:39:51,23.3,39.0,40,31,32
2016-04-26 17:40:21,23.4,38.4,40,31,42
2016-04-26 17:40:51,23.6,38.5,40,31,42
2016-04-26 17:41:21,23.6,38.8,40,31,42
2016-04-26 17:41:51,23.7,38.8,40,31,42
2016-04-26 17:42:23,23.9,38.9,40,31,42
2016-04-26 17:42:53,23.9,39.0,40,31,42
2016-04-26 17:43:21,24.0,40.9,40,31,32
2016-04-26 17:43:53,24.0,37.9,30,31,42
2016-04-26 17:49:47,24.0,37.2,30,41,42
2016-04-26 17:50:17,23.6,37.3,40,31,42
2016-04-26 17:50:45,23.6,37.8,40,31,42
2016-04-26 17:51:15,23.7,38.1,40,31,42
2016-04-26 17:52:26,23.9,39.0,30,31,42
2016-04-26 17:52:52,24.0,38.0,40,31,42
2016-04-26 17:53:24,24.1,38.5,30,41,42
2016-04-26 17:53:52,23.9,37.7,40,31,42
2016-04-26 17:54:26,23.9,38.0,40,31,42
2016-04-26 17:54:52,23.9,37.2,40,31,42
2016-04-26 17:55:22,24.0,40.1,40,31,32
2016-04-26 17:55:52,24.1,38.2,30,41,42
2016-04-26 17:56:22,23.9,37.1,40,31,42
2016-04-26 17:56:54,23.8,37.8,40,31,42
2016-04-26 17:57:24,23.9,38.2,40,31,42
2016-04-26 17:57:52,23.9,38.6,40,31,42
2016-04-26 17:58:26,24.0,37.5,40,31,42
2016-04-26 17:58:54,24.0,39.7,30,41,32
2016-04-26 17:59:22,23.9,37.6,40,31,42
2016-04-26 17:59:56,23.9,37.8,40,31,42
2016-04-26 18:00:22,23.9,37.7,40,31,42
2016-04-26 18:00:58,24.0,38.1,40,31,42
2016-04-26 18:01:22,24.0,38.5,40,31,42
2016-04-26 18:01:52,24.0,37.5,30,31,42
2016-04-26 18:02:24,23.9,38.0,40,31,32
2016-04-26 18:02:52,23.9,38.2,40,31,42
2016-04-26 18:03:22,24.0,38.2,40,31,42
2016-04-26 18:03:52,24.0,38.4,40,31,42
2016-04-26 18:04:22,24.1,37.7,30,41,42
2016-04-26 18:04:52,23.7,36.9,40,31,42
2016-04-26 18:05:22,23.8,37.6,40,31,42
2016-04-26 18:05:52,23.8,39.1,40,31,32
2016-04-26 18:06:22,23.9,38.6,40,31,42
2016-04-26 18:06:52,24.0,38.7,40,31,42
2016-04-26 18:07:22,24.0,38.9,40,31,42
2016-04-26 18:07:52,23.9,36.5,40,31,42
2016-04-26 18:08:22,23.8,37.4,40,31,42
2016-04-26 18:08:52,23.8,37.8,40,31,42
2016-04-26 18:09:22,23.9,39.5,40,31,32
2016-04-26 18:09:52,24.0,38.8,40,31,42
2016-04-26 18:10:22,24.1,38.2,30,31,42
2016-04-26 18:10:54,24.0,37.6,30,31,42
2016-04-26 18:11:22,24.0,37.8,30,31,42
2016-04-26 18:11:52,24.0,37.9,30,41,42
2016-04-26 18:12:26,24.0,37.6,30,31,42
2016-04-26 18:12:52,24.0,39.1,30,31,32
2016-04-26 18:13:22,23.9,36.9,30,31,42
2016-04-26 18:13:54,23.7,36.8,40,31,42
2016-04-26 18:14:22,23.7,37.4,40,31,42
2016-04-26 18:14:52,23.8,37.7,40,31,42
2016-04-26 18:15:22,23.9,37.8,40,31,42
2016-04-26 18:15:52,23.9,38.2,40,31,42
2016-04-26 18:16:22,24.0,39.4,40,31,32
2016-04-26 18:16:52,23.9,37.1,40,31,42
2016-04-26 18:17:22,23.8,37.4,40,31,42
2016-04-26 18:17:52,23.5,36.0,40,41,42
2016-04-26 18:18:24,23.1,35.9,40,31,42
2016-04-26 18:18:52,23.2,36.5,40,31,42
2016-04-26 18:19:22,23.3,37.1,40,31,42
2016-04-26 18:19:53,23.4,38.6,40,31,32
2016-04-26 18:20:23,23.5,38.1,40,31,42
2016-04-26 18:20:57,23.7,38.1,40,31,42
2016-04-26 18:21:23,23.8,38.4,40,31,42
2016-04-26 18:21:53,23.9,38.7,40,31,42
2016-04-26 18:22:23,24.0,38.6,40,31,42
2016-04-26 18:22:53,24.1,38.1,30,31,42
2016-04-26 18:23:23,24.0,38.1,30,31,32
2016-04-26 18:23:53,23.9,37.7,40,31,42
2016-04-26 18:24:23,24.0,38.0,40,31,42
2016-04-26 18:24:53,24.0,38.3,40,31,42
2016-04-26 18:25:23,24.1,37.6,30,41,42
2016-04-26 18:25:53,23.8,36.7,40,31,42
2016-04-26 18:26:23,23.8,37.3,40,31,42
2016-04-26 18:26:53,23.9,38.9,40,31,32
2016-04-26 18:27:23,24.0,38.4,40,31,42
2016-04-26 18:27:55,24.0,38.6,40,31,42
2016-04-26 18:28:23,23.9,36.9,40,31,42
2016-04-26 18:28:53,23.9,37.3,40,31,42
2016-04-26 18:29:23,23.9,38.2,40,31,42
2016-04-26 18:29:53,24.0,38.2,40,31,42
2016-04-26 18:30:29,24.1,39.4,30,41,32
2016-04-26 18:30:53,23.8,36.7,40,31,42
2016-04-26 18:31:23,23.8,36.9,40,31,42
2016-04-26 18:31:53,23.8,37.2,40,31,42
2016-04-26 18:32:23,23.9,37.5,40,31,42
2016-04-26 18:32:53,23.9,37.9,40,31,42
2016-04-26 18:33:25,24.0,37.9,30,41,42
2016-04-26 18:33:53,24.0,37.8,30,31,32
2016-04-26 18:34:25,23.9,37.7,40,31,42
2016-04-26 18:34:53,24.0,37.9,40,31,42
2016-04-26 18:35:23,24.0,38.1,40,31,42
2016-04-26 18:35:53,24.0,37.4,30,41,42
2016-04-26 18:36:23,23.9,35.3,40,31,42
2016-04-26 18:36:53,23.9,37.2,40,31,42
2016-04-26 18:37:23,23.9,38.7,40,31,32
2016-04-26 18:37:53,24.0,36.9,40,31,42
2016-04-26 18:38:25,24.0,35.4,30,41,42
2016-04-26 18:38:57,23.8,36.6,40,31,42
2016-04-26 18:39:23,23.8,37.1,40,31,42
2016-04-26 18:39:53,23.9,36.3,40,31,42
2016-04-26 18:40:23,24.0,37.8,40,31,42
2016-04-26 18:40:53,24.1,39.1,30,41,32
2016-04-26 18:41:23,23.8,36.8,40,31,42
2016-04-26 18:41:53,23.7,36.0,40,31,42
2016-04-26 18:42:23,23.8,36.0,40,31,42
2016-04-26 18:42:53,23.9,37.5,40,31,42
2016-04-26 18:43:23,24.0,36.6,40,31,42
2016-04-26 18:43:53,23.8,35.8,40,41,42
2016-04-26 18:44:29,23.6,37.0,40,31,32
2016-04-26 18:44:53,23.6,37.2,40,31,42
2016-04-26 18:45:23,23.7,37.1,40,31,42
2016-04-26 18:45:53,23.8,37.3,40,31,42
2016-04-26 18:46:23,23.9,37.4,40,31,42
2016-04-26 18:46:53,24.0,37.5,40,31,42
2016-04-26 18:47:23,24.0,36.4,30,31,42
2016-04-26 18:47:53,23.9,38.3,40,31,32
2016-04-26 18:48:23,24.0,37.5,40,31,42
2016-04-26 18:48:53,24.0,37.6,40,31,42
2016-04-26 18:49:23,23.9,36.1,40,31,42
2016-04-26 18:49:53,23.8,36.3,40,31,42
2016-04-26 18:50:23,23.9,36.9,40,31,42
2016-04-26 18:50:53,24.0,37.2,40,31,42
2016-04-26 18:51:23,24.0,38.5,40,31,32
2016-04-26 18:51:53,23.9,36.3,40,31,42
2016-04-26 18:52:26,23.9,36.8,40,31,42
2016-04-26 18:52:54,24.0,37.4,40,31,42
2016-04-26 18:53:22,24.0,37.4,40,31,42
2016-04-26 18:53:52,24.0,36.1,30,31,42
2016-04-26 18:54:22,23.8,36.4,40,31,42
2016-04-26 18:54:52,23.9,38.3,40,31,32
2016-04-26 18:55:22,23.9,37.6,40,31,42
2016-04-26 18:55:52,24.1,37.6,40,31,42
2016-04-26 18:56:24,24.0,36.9,30,31,42
2016-04-26 18:56:52,24.0,37.3,30,31,42
2016-04-26 18:57:22,24.1,37.1,30,41,42
2016-04-26 18:57:52,23.9,36.4,40,31,42
2016-04-26 18:58:24,23.9,37.9,40,31,32
2016-04-26 18:58:52,24.0,37.4,40,31,42
2016-04-26 18:59:22,24.1,38.0,30,41,42
2016-04-26 18:59:54,23.9,36.4,40,31,42
2016-04-26 19:00:22,23.8,36.6,40,31,42
2016-04-26 19:00:52,23.9,36.9,40,31,42
2016-04-26 19:01:22,24.0,37.3,40,31,42
2016-04-26 19:01:54,24.1,38.2,30,41,32
2016-04-26 19:02:22,23.9,36.4,40,31,42
2016-04-26 19:02:52,23.8,36.6,40,31,42
2016-04-26 19:03:22,23.8,37.1,40,31,42
2016-04-26 19:03:52,23.9,37.2,40,31,42
2016-04-26 19:04:24,24.0,37.3,40,31,42
2016-04-26 19:04:52,24.1,37.7,30,41,42
2016-04-26 19:05:22,24.0,38.4,30,31,32
2016-04-26 19:05:52,24.0,37.0,30,31,42
2016-04-26 19:06:22,23.9,37.0,40,31,42
2016-04-26 19:06:52,24.0,37.2,40,31,42
2016-04-26 19:07:22,24.0,37.7,30,41,42
2016-04-26 19:07:52,23.9,36.3,30,31,42
2016-04-26 19:08:24,23.9,36.9,40,31,42
2016-04-26 19:08:52,23.9,37.9,40,31,32
2016-04-26 19:09:46,24.0,37.5,30,31,42
2016-04-26 19:10:14,23.8,36.1,40,31,42
2016-04-26 19:10:44,23.8,36.6,40,31,42
2016-04-26 19:11:14,23.8,37.0,40,31,42
2016-04-26 19:11:46,23.9,37.3,40,31,42
2016-04-26 19:12:14,24.0,37.6,40,31,42
2016-04-26 19:12:46,24.1,38.4,30,41,32
2016-04-26 19:13:16,23.9,36.7,40,31,42
2016-04-26 19:13:44,23.8,36.7,40,31,42
2016-04-26 19:14:14,23.9,37.0,40,31,42
2016-04-26 19:14:46,24.0,35.8,40,31,42
2016-04-26 19:15:14,24.0,37.0,30,31,42
2016-04-26 19:15:44,24.0,35.1,30,31,42
2016-04-26 19:16:16,24.1,37.9,30,31,32
2016-04-26 19:16:44,23.9,35.2,40,31,42
2016-04-26 19:17:14,23.8,36.4,40,31,42
2016-04-26 19:17:44,23.9,35.4,40,31,42
2016-04-26 19:18:14,24.0,37.2,40,31,42
2016-04-26 19:18:48,24.1,36.5,30,41,42
2016-04-26 19:19:20,23.9,36.4,40,31,42
2016-04-26 19:19:44,23.9,36.6,40,31,32
2016-04-26 19:20:14,23.9,37.2,40,31,42
2016-04-26 19:20:46,24.1,37.4,30,41,42
2016-04-26 19:21:14,23.9,35.6,40,31,42
2016-04-26 19:21:44,23.8,36.4,40,31,42
2016-04-26 19:22:16,23.9,35.6,40,31,42
2016-04-26 19:22:44,24.0,37.3,40,31,42
2016-04-26 19:23:16,24.1,38.3,30,41,32
2016-04-26 19:23:48,23.8,36.1,40,31,42
2016-04-26 19:24:15,23.8,35.0,40,31,42
2016-04-26 19:24:45,23.8,36.7,40,31,42
2016-04-26 19:25:15,23.9,35.6,40,31,42
2016-04-26 19:25:45,24.0,37.4,40,31,42
2016-04-26 19:26:15,24.1,36.6,30,41,42
2016-04-26 19:26:45,23.8,36.7,40,31,32
2016-04-26 19:27:21,23.8,36.8,40,31,42
2016-04-26 19:27:45,23.9,37.0,40,31,42
2016-04-26 19:28:15,23.9,37.2,40,31,42
2016-04-26 19:28:45,24.1,37.5,40,31,42
2016-04-26 19:29:15,24.0,36.4,30,31,42
2016-04-26 19:29:45,24.0,36.8,40,31,42
2016-04-26 19:30:15,24.0,37.2,30,31,32
2016-04-26 19:30:45,23.9,36.2,40,31,42
2016-04-26 19:31:15,23.9,36.6,40,31,42
2016-04-26 19:31:45,24.0,37.0,40,31,42
2016-04-26 19:32:15,24.1,37.2,30,41,42
2016-04-26 19:32:47,23.8,35.8,40,31,42
2016-04-26 19:33:15,23.8,36.3,40,31,42
2016-04-26 19:33:45,23.9,37.9,40,31,32
2016-04-26 19:34:15,24.0,37.4,40,31,42
2016-04-26 19:34:45,24.0,36.0,30,31,42
2016-04-26 19:35:15,23.8,36.1,40,31,42
2016-04-26 19:35:45,23.8,36.5,40,31,42
2016-04-26 19:36:15,24.0,37.1,40,31,42
2016-04-26 19:36:45,24.0,36.7,40,31,42
2016-04-26 19:37:15,23.7,33.3,40,31,32
2016-04-26 19:37:45,23.4,33.2,40,41,42
2016-04-26 19:38:15,23.0,34.1,40,31,42
2016-04-26 19:38:45,23.1,35.1,40,31,42
2016-04-26 19:39:15,23.2,35.8,40,31,42
2016-04-26 19:39:45,23.4,36.3,40,31,42
2016-04-26 19:40:15,23.5,35.7,40,31,42
2016-04-26 19:40:45,23.7,38.1,40,31,32
2016-04-26 19:41:15,23.8,37.2,40,31,42
2016-04-26 19:41:45,24.0,37.3,40,31,42
2016-04-26 19:42:17,24.1,37.3,30,41,42
2016-04-26 19:42:45,23.8,35.7,40,31,42
2016-04-26 19:43:15,23.8,36.3,40,31,42
2016-04-26 19:43:49,23.9,36.6,40,31,42
2016-04-26 19:44:15,24.0,37.9,40,31,32
2016-04-26 19:44:45,24.1,36.6,30,41,42
2016-04-26 19:45:15,23.9,35.7,40,31,42
2016-04-26 19:45:45,24.0,36.4,40,31,42
2016-04-26 19:46:15,24.0,36.5,40,31,42
2016-04-26 19:46:45,24.1,36.1,30,41,42
2016-04-26 19:47:15,23.8,35.7,40,31,42
2016-04-26 19:47:45,23.9,37.1,40,31,32
2016-04-26 19:48:15,23.9,36.9,40,31,42
2016-04-26 19:48:53,24.0,37.0,40,31,42
2016-04-26 19:49:15,24.1,36.8,30,41,42
2016-04-26 19:49:45,23.8,35.5,40,31,42
2016-04-26 19:50:15,23.8,35.9,40,31,42
2016-04-26 19:50:45,23.9,36.3,40,31,42
2016-04-26 19:51:15,24.0,37.6,40,31,32
2016-04-26 19:51:47,24.0,36.8,30,41,42
2016-04-26 19:52:15,23.9,35.6,40,31,42
2016-04-26 19:52:45,23.9,36.0,40,31,42
2016-04-26 19:53:15,24.0,36.3,40,31,42
2016-04-26 19:53:45,24.1,35.7,30,41,42
2016-04-26 19:54:15,23.8,35.1,40,31,42
2016-04-26 19:54:45,23.8,36.7,40,31,32
2016-04-26 19:55:15,23.9,36.6,40,31,42
2016-04-26 19:55:45,24.0,35.8,40,31,42
2016-04-26 19:56:18,24.0,36.0,30,41,42
2016-04-26 19:56:46,24.0,35.9,40,31,42
2016-04-26 19:57:18,24.0,36.1,40,31,42
2016-04-26 19:57:46,24.1,36.6,30,31,42
2016-04-26 19:58:20,24.0,36.4,30,31,32
2016-04-26 19:58:46,24.0,36.4,30,31,42
2016-04-26 19:59:16,24.0,36.5,30,31,42
2016-04-26 19:59:46,24.0,35.3,30,41,42
2016-04-26 20:00:16,23.8,35.5,40,31,42
2016-04-26 20:00:46,23.9,36.4,40,31,42
2016-04-26 20:01:18,24.0,36.6,40,31,42
2016-04-26 20:01:46,24.0,37.9,30,41,32
2016-04-26 20:02:16,23.9,35.9,40,31,42
2016-04-26 20:02:46,23.8,36.3,40,31,42
2016-04-26 20:03:16,23.9,36.6,40,31,42
2016-04-26 20:03:46,24.0,37.0,40,31,42
2016-04-26 20:04:16,24.0,36.1,30,41,42
2016-04-26 20:04:46,23.9,35.9,40,31,42
2016-04-26 20:05:16,23.9,37.2,40,31,32
2016-04-26 20:05:46,24.0,36.9,40,31,42
2016-04-26 20:06:16,24.0,35.1,30,31,42
2016-04-26 20:06:46,23.9,35.8,40,31,42
2016-04-26 20:07:18,23.9,36.2,40,31,42
2016-04-26 20:07:46,24.0,36.6,40,31,42
2016-04-26 20:08:16,24.0,36.2,30,31,42
2016-04-26 20:08:46,24.0,37.0,30,31,32
2016-04-26 20:09:16,24.0,36.7,30,31,42
2016-04-26 20:09:48,23.9,35.5,40,31,42
2016-04-26 20:10:16,23.9,35.7,40,31,42
2016-04-26 20:10:46,24.0,36.2,40,31,42
2016-04-26 20:11:14,24.0,36.8,40,31,42
2016-04-26 20:11:46,24.0,36.5,30,31,42
2016-04-26 20:12:14,24.1,37.7,30,41,32
2016-04-26 20:12:44,23.9,35.8,40,31,42
2016-04-26 20:13:14,23.5,34.3,40,41,42
2016-04-26 20:13:44,23.2,34.5,40,31,42
2016-04-26 20:14:14,23.2,35.2,40,31,42
2016-04-26 20:14:44,23.3,35.7,40,31,42
2016-04-26 20:15:14,23.5,36.2,40,31,42
2016-04-26 20:15:44,23.6,37.2,40,31,32
2016-04-26 20:16:14,23.7,36.8,40,31,42
2016-04-26 20:16:44,23.9,36.9,40,31,42
2016-04-26 20:17:14,24.0,37.0,40,31,42
2016-04-26 20:17:48,24.1,36.2,30,41,42
2016-04-26 20:18:14,23.8,35.6,40,31,42
